actor,movie_or_TV_name
Paul Marc Davis,Arthur & Merlin: Knights of Camelot
Paul Marc Davis,Class
Paul Marc Davis,Son of God
Paul Marc Davis,The Bible
Paul Marc Davis,The Sky in Bloom
Paul Marc Davis,Diagnosis Superstar
Paul Marc Davis,Cassandra's Dream
Paul Marc Davis,The Sarah Jane Adventures
Paul Marc Davis,Doctor Who
Paul Marc Davis,Harry Potter and the Philosopher's Stone
Dani Harmer,Kids' TV: The Surprising Story
Dani Harmer,The Beaker Girls
Dani Harmer,(K)nox: The Rob Knox Story
Dani Harmer,My Mum Tracy Beaker
Dani Harmer,Dani's Castle
Dani Harmer,Big Brother's Bit on the Side
Dani Harmer,Little Crackers
Dani Harmer,Let's Dance for Sport Relief
Dani Harmer,Tracy Beaker Returns
Dani Harmer,Dani's House
Dani Harmer,Hider in the House
Dani Harmer,The Beeps
Dani Harmer,After You've Gone
Dani Harmer,The Children's Party at the Palace
Dani Harmer,Tracy Beaker: The Movie of Me
Dani Harmer,The Story of Tracy Beaker
Dani Harmer,Harry Potter and the Philosopher's Stone
Paul Grant,Harry Potter and the Philosopher's Stone
Paul Grant,The Dead
Paul Grant,Labyrinth
Paul Grant,Return of the Jedi
Violet Columbus,The Christmas Chronicles: Part Two
Violet Columbus,Percy Jackson & the Olympians: The Lightning Thief
Violet Columbus,"I Love You, Beth Cooper"
Violet Columbus,Harry Potter and the Prisoner of Azkaban
Violet Columbus,Harry Potter and the Chamber of Secrets
Violet Columbus,Harry Potter and the Philosopher's Stone
Violet Columbus,Nine Months
Dani Harmer,Beast
Dani Harmer,Pie in the Sky
Jimmy Vee,Dark Ascension
Jimmy Vee,The Witcher: Blood Origin
Jimmy Vee,Bite
Jimmy Vee,Rocketman
Jimmy Vee,Train Set
Jimmy Vee,Star Wars: The Last Jedi
Jimmy Vee,Rogue One: A Star Wars Story
Jimmy Vee,Star Wars: The Force Awakens
Jimmy Vee,Pan
Jimmy Vee,Doctor Who Extra
Jimmy Vee,Doctor Who: Music of the Spheres - Doctor Who at the Proms 2008
Jimmy Vee,Doctor Who: Music of the Spheres
Jimmy Vee,Doctor Who: Voyage of the Damned
Jimmy Vee,The Sarah Jane Adventures
Daniel Radcliffe,Have I Got a Bit More News for You
Daniel Radcliffe,Trust the Man
Daniel Radcliffe,Endgame
Daniel Radcliffe,Merrily We Roll Along
Daniel Radcliffe,Batso
Daniel Radcliffe,Carole & Grey
Daniel Radcliffe,Music by John Williams
Mark Ballas,The D'Amelio Show
Mark Ballas,The Undefeated
Mark Ballas,Melissa & Joey
Mark Ballas,Samantha Who?
Mark Ballas,Dancing with the Stars
Mark Ballas,The Ellen DeGeneres Show
Mark Ballas,Harry Potter and the Philosopher's Stone
Jimmy Vee,Doctor Who
Jimmy Vee,Harry Potter and the Philosopher's Stone
Daniel Radcliffe,David Holmes: The Boy Who Lived
Daniel Radcliffe,100 Years of Warner Bros.
Daniel Radcliffe,Mulligan
Daniel Radcliffe,Digman!
Daniel Radcliffe,Extrapolations
Daniel Radcliffe,Weird: The Al Yankovic Story
Daniel Radcliffe,The Lost City
Daniel Radcliffe,Harry Potter 20th Anniversary: Return to Hogwarts
Daniel Radcliffe,(K)nox: The Rob Knox Story
Daniel Radcliffe,Unbreakable Kimmy Schmidt: Kimmy vs. the Music: A Live Singing Contest (That's Live)
Daniel Radcliffe,Unbreakable Kimmy Schmidt: Kimmy vs. the Reverend
Daniel Radcliffe,Endgame & Rough for Theatre II
Daniel Radcliffe,Escape from Pretoria
Daniel Radcliffe,Guns Akimbo
Daniel Radcliffe,The Kelly Clarkson Show
Daniel Radcliffe,Playmobil: The Movie
Daniel Radcliffe,Miracle Workers
Daniel Radcliffe,Lie Detector
Derek Hough,Dance the World With Derek Hough
Derek Hough,This Is Me…Now
Derek Hough,Disney Parks Magical Christmas Day Parade
Derek Hough,Dick Van Dyke: 98 Years of Magic
Derek Hough,The Wonderful World of Disney: Magical Holiday Celebration
Derek Hough,Schoolhouse Rock! 50th Anniversary Singalong
Derek Hough,Sherri
Derek Hough,The Jennifer Hudson Show
Derek Hough,Dancing With The Stars: The Pros' Most Memorable Moments
Derek Hough,Step Into… The Movies with Derek and Julianne Hough
Derek Hough,The Queen Family Singalong
Derek Hough,The D'Amelio Show
Derek Hough,The Disney Holiday Singalong
Daniel Radcliffe,Beast of Burden
Daniel Radcliffe,2 Dope Queens
Daniel Radcliffe,The Robot Chicken Walking Dead Special: Look Who's Walking
Daniel Radcliffe,Jungle
Daniel Radcliffe,National Theatre Live: Rosencrantz & Guildenstern Are Dead
Daniel Radcliffe,Lost in London
Daniel Radcliffe,Imperium
Daniel Radcliffe,Swiss Army Man
Daniel Radcliffe,Now You See Me 2
Daniel Radcliffe,Victor Frankenstein
Daniel Radcliffe,The Gamechangers
Daniel Radcliffe,The Late Show with Stephen Colbert
Daniel Radcliffe,Trainwreck
Daniel Radcliffe,Tom Felton Meets the Superfans
Daniel Radcliffe,Hot Ones
Daniel Radcliffe,BoJack Horseman
Daniel Radcliffe,Trailblazer Honors
Daniel Radcliffe,Late Night with Seth Meyers
Daniel Radcliffe,The Tonight Show Starring Jimmy Fallon
Daniel Radcliffe,Off Camera with Sam Jones
Daniel Radcliffe,The Kumars
Daniel Radcliffe,Rick and Morty
Derek Hough,The Disney Family Singalong - Volume II
Derek Hough,The Disney Family Singalong
Derek Hough,Celebrity IOU
Derek Hough,Holidays With the Houghs
Derek Hough,High School Musical: The Musical: The Series
Derek Hough,Return to Downton Abbey: A Grand Event
Derek Hough,The Kelly Clarkson Show
Derek Hough,Tamron Hall
Derek Hough,A Legendary Christmas with John & Chrissy
Derek Hough,World of Dance
Derek Hough,Disney Parks Magical Christmas Celebration
Derek Hough,Hairspray Live!
Derek Hough,Shorebreak: The Clark Little Story
Derek Hough,Disneyland 60: The Wonderful World of Disney
Derek Hough,Celebrity Family Feud
Derek Hough,Lip Sync Battle
Derek Hough,Jane the Virgin
Derek Hough,Running Wild with Bear Grylls
Derek Hough,Make Your Move
Derek Hough,Rock of Ages
Derek Hough,Good Mythical Morning
Daniel Radcliffe,Kill Your Darlings
Daniel Radcliffe,What If
Daniel Radcliffe,Horns
Daniel Radcliffe,The Frame
Daniel Radcliffe,The Last Leg
Daniel Radcliffe,A Young Doctor's Notebook
Daniel Radcliffe,Daniel Radcliffe: Being Harry Potter
Daniel Radcliffe,The Woman in Black
Daniel Radcliffe,Good Mythical Morning
Daniel Radcliffe,A Conversation with J.K. Rowling and Daniel Radcliffe
Daniel Radcliffe,When Harry Left Hogwarts
Daniel Radcliffe,The Jonathan Ross Show
Daniel Radcliffe,50 Greatest Harry Potter Moments
Daniel Radcliffe,Harry Potter and the Deathly Hallows: Part 2
Daniel Radcliffe,Fry and Laurie Reunited
Daniel Radcliffe,Harry Potter and the Deathly Hallows: Part 1
Daniel Radcliffe,Conan
Daniel Radcliffe,Live from Studio Five
Daniel Radcliffe,Watch What Happens Live with Andy Cohen
Daniel Radcliffe,Harry Potter and the Half-Blood Prince
Daniel Radcliffe,Trailing Tonks
Daniel Radcliffe,My Boy Jack
Daniel Radcliffe,December Boys
Daniel Radcliffe,Harry Potter and the Order of the Phoenix
Daniel Radcliffe,The Art of Breaking Character
Daniel Radcliffe,The Graham Norton Show
Daniel Radcliffe,Rachael Ray
Daniel Radcliffe,The Children's Party at the Palace
Daniel Radcliffe,Harry Potter and the Goblet of Fire
Daniel Radcliffe,Extras
Daniel Radcliffe,Robot Chicken
Daniel Radcliffe,Who Do You Think You Are?
Daniel Radcliffe,The Magic Touch of Harry Potter
Daniel Radcliffe,Harry Potter and the Prisoner of Azkaban
Daniel Radcliffe,QI
Daniel Radcliffe,The Ellen DeGeneres Show
Daniel Radcliffe,Harry Potter and the Chamber of Secrets
Daniel Radcliffe,Ant & Dec's Saturday Night Takeaway
Daniel Radcliffe,Harry Potter and the Philosopher's Stone
Daniel Radcliffe,Friday Night with Jonathan Ross
Daniel Radcliffe,The Tailor of Panama
Daniel Radcliffe,David Copperfield
Daniel Radcliffe,The Early Show
Daniel Radcliffe,Rove
Daniel Radcliffe,TRL
Daniel Radcliffe,The View
Daniel Radcliffe,Leute heute
Daniel Radcliffe,Taff
Daniel Radcliffe,The Daily Show
Derek Hough,Ridiculousness
Derek Hough,Better With You
Derek Hough,American Ninja Warrior
Derek Hough,Watch What Happens Live with Andy Cohen
Derek Hough,Dancing with the Stars
Derek Hough,The Ellen DeGeneres Show
Derek Hough,Harry Potter and the Philosopher's Stone
Derek Hough,MTV Movie & TV Awards
Derek Hough,LIVE with Kelly and Mark
Daniel Radcliffe,Inside the Actors Studio
Daniel Radcliffe,Late Night with Conan O'Brien
Daniel Radcliffe,GMTV
Daniel Radcliffe,The Tonight Show with Jay Leno
Daniel Radcliffe,Have I Got News for You
Daniel Radcliffe,The Simpsons
Daniel Radcliffe,LIVE with Kelly and Mark
Daniel Radcliffe,Saturday Night Live
Daniel Radcliffe,Tony Awards
Scot Fearn,Harry Potter and the Chamber of Secrets
Scot Fearn,Harry Potter and the Philosopher's Stone
Zoe Sugg,The Creators
Zoe Sugg,The Great Comic Relief Bake Off
Zoe Sugg,Harry Potter and the Chamber of Secrets
Zoe Sugg,Harry Potter and the Philosopher's Stone
Kieri Kennedy,The Comeback
Kieri Kennedy,The Stranger
Kieri Kennedy,The Survivalist
Kieri Kennedy,Top Spot
Kieri Kennedy,Ugetme
Kieri Kennedy,Harry Potter and the Philosopher's Stone
Jean Southern,Vera
Jean Southern,Harry Potter and the Philosopher's Stone
Jean Southern,Our Friends in the North
Jean Southern,The Black Velvet Gown
Jean Southern,The Fifteen Streets
Jean Southern,Super Gran
Julianne Hough,The Bride!
Julianne Hough,Disney Parks Magical Christmas Day Parade
Julianne Hough,The Wonderful World of Disney: Holiday Spectacular
Julianne Hough,The Wonderful World of Disney: Magical Holiday Celebration
Julianne Hough,Schoolhouse Rock! 50th Anniversary Singalong
Julianne Hough,The Jennifer Hudson Show
Julianne Hough,Step Into… The Movies with Derek and Julianne Hough
Julianne Hough,Disney Parks Magical Christmas Day Celebration
Julianne Hough,The Disney Holiday Singalong
Julianne Hough,Royalties
David Holmes,David Holmes: The Boy Who Lived
David Holmes,In Praise of Action
David Holmes,Harry Potter and the Chamber of Secrets
David Holmes,Harry Potter and the Philosopher's Stone
David Holmes,Bedazzled
Leila Hoffman,Bad Tidings
Leila Hoffman,A Kind of Kidnapping
Leila Hoffman,Beyond Paradise
Leila Hoffman,Red Riding Hood: After Ever After
Leila Hoffman,Gangsta Granny Strikes Again
Leila Hoffman,I Hate Suzie
Leila Hoffman,The Midnight Gang
Leila Hoffman,Prevenge
Leila Hoffman,Speechless
Leila Hoffman,Flowers
Leila Hoffman,Walter
Leila Hoffman,Bad Education
Leila Hoffman,EastEnders: Last Tango in Walford
Leila Hoffman,How Not to Live Your Life
Leila Hoffman,Not Going Out
Leila Hoffman,Magnolia
Leila Hoffman,Doctor Who
Julianne Hough,The Disney Family Singalong - Volume II
Julianne Hough,The Disney Family Singalong
Julianne Hough,Celebrity IOU
Julianne Hough,Holidays With the Houghs
Julianne Hough,Dolly Parton's Heartstrings
Julianne Hough,The Kelly Clarkson Show
Julianne Hough,Tamron Hall
Julianne Hough,Bigger
Julianne Hough,The Steam Engines of Oz
Julianne Hough,Disney Parks Magical Christmas Celebration
Julianne Hough,Speechless
Julianne Hough,Grease Live
Julianne Hough,Dirty Grandpa
Julianne Hough,Curve
Julianne Hough,Celebrity Family Feud
Julianne Hough,Lip Sync Battle
Julianne Hough,Running Wild with Bear Grylls
Julianne Hough,The Tonight Show Starring Jimmy Fallon
Julianne Hough,Paradise
Julianne Hough,Radio Disney Music Awards
Julianne Hough,Safe Haven
Julianne Hough,My Last Days
Julianne Hough,Rock of Ages
Leila Hoffman,The Tea Party
Leila Hoffman,Harry Potter and the Philosopher's Stone
Leila Hoffman,Roger Roger
Leila Hoffman,Tracey Ullman: A Class Act
Leila Hoffman,Shoot the Revolution
Leila Hoffman,The Witches
Leila Hoffman,Edvard
Leila Hoffman,The Fools on the Hill
Leila Hoffman,EastEnders
Julianne Hough,Footloose
Julianne Hough,Burlesque
Julianne Hough,Conan
Julianne Hough,Watch What Happens Live with Andy Cohen
Julianne Hough,Keeping Up with the Kardashians
Julianne Hough,America's Got Talent
Julianne Hough,Dancing with the Stars
Julianne Hough,Miley's New Year's Eve Party
Julianne Hough,The Ellen DeGeneres Show
Julianne Hough,Punk'd
Julianne Hough,Jimmy Kimmel Live!
Julianne Hough,Harry Potter and the Philosopher's Stone
Julianne Hough,The View
Julianne Hough,LIVE with Kelly and Mark
Julianne Hough,Christmas in Washington
Julianne Hough,Entertainment Tonight
Julianne Hough,Miss USA
Julianne Hough,Tony Awards
Jamie Yeates,Harry Potter and the Chamber of Secrets
Jamie Yeates,Harry Potter and the Philosopher's Stone
Jamie Yeates,Mr. Bean
Emily Dale,Harry Potter and the Chamber of Secrets
Emily Dale,Harry Potter and the Philosopher's Stone
Ben Borowiecki,Harry Potter and the Chamber of Secrets
Ben Borowiecki,Harry Potter and the Philosopher's Stone
Will Theakston,Harry Potter and the Philosopher's Stone
Will Theakston,The Ghost Hunter
Danielle Tabor,Harry Potter and the Prisoner of Azkaban
Danielle Tabor,Harry Potter and the Chamber of Secrets
Danielle Tabor,Harry Potter and the Philosopher's Stone
Leilah Sutherland,Harry Potter and the Philosopher's Stone
Eleanor Columbus,Rent
Eleanor Columbus,Harry Potter and the Chamber of Secrets
Eleanor Columbus,Harry Potter and the Philosopher's Stone
Eleanor Columbus,Stepmom
Eleanor Columbus,Nine Months
Eleanor Columbus,In Search of Dr. Seuss
Eleanor Columbus,Home Alone 2: Lost in New York
Derek Deadman,Crush
Derek Deadman,Harry Potter and the Philosopher's Stone
Derek Deadman,Honest
Derek Deadman,Sooty & Co.
Derek Deadman,Robin Hood: Prince of Thieves
Derek Deadman,Benny Hill's World Tour: New York!
Derek Deadman,The Modern World: Ten Great Writers
Derek Deadman,The Sign of Four
Derek Deadman,Bread
Derek Deadman,Lost In London
Derek Deadman,National Lampoon's European Vacation
Derek Deadman,Morons from Outer Space
Derek Deadman,Brazil
Derek Deadman,Super Gran
Derek Deadman,Sherlock Holmes
Derek Deadman,Never Say Never Again
Derek Deadman,The Beggar's Opera
Derek Deadman,The Scarlet Pimpernel
Derek Deadman,Funny Money
Derek Deadman,Never the Twain
Derek Deadman,Time Bandits
Derek Deadman,The Apple
Derek Deadman,The Taming of the Shrew
Derek Deadman,A Nightingale Sang In Berkeley Square
Derek Deadman,Porridge
Derek Deadman,The Knowledge
Derek Deadman,The Big Sleep
Derek Deadman,Doctor Who: The Invasion of Time
Derek Deadman,She Fell Among Thieves
Derek Deadman,BBC2 Play of the Week
Derek Deadman,The Glitterball
Derek Deadman,Jabberwocky
Derek Deadman,Robin's Nest
Derek Deadman,Queen Kong
Derek Deadman,The Sweeney
Derek Deadman,Dr. Watson and the Darkwater Hall Mystery
Derek Deadman,A Little Bit Of Wisdom
Derek Deadman,Frankenstein: The True Story
Derek Deadman,The Darwin Adventure
Derek Deadman,The Canterbury Tales
Derek Deadman,Doctor Who
Derek Deadman,The Sooty Show
Simon Fisher-Becker,Reduced To Clear
Simon Fisher-Becker,The Great Director
Simon Fisher-Becker,Izzy Vs Jess
Simon Fisher-Becker,Harry Potter: Hogwarts Tournament of Houses
Simon Fisher-Becker,P.R.O.B.E.: Giles Case Files
Simon Fisher-Becker,Carnage: Swallowing the Past
Simon Fisher-Becker,Puppy Love
Simon Fisher-Becker,Les Misérables
Simon Fisher-Becker,Doctor Who: A Good Man Goes To War Prequel
Simon Fisher-Becker,Doctor Who
Simon Fisher-Becker,Harry Potter and the Philosopher's Stone
Simon Fisher-Becker,Arrivederci Millwall
Ray Fearon,Cleaner
Ray Fearon,My Fault: London
Ray Fearon,Swede Caroline
Ray Fearon,Barbie
Ray Fearon,Champion
Ray Fearon,Coffee Wars
Ray Fearon,One Year Off
Ray Fearon,Christmas in the Caribbean
Ray Fearon,Christmas in Paradise
Ray Fearon,Memory
Ray Fearon,The Lady of Heaven
Ray Fearon,Father Christmas Is Back
Ray Fearon,The Protégé
Ray Fearon,Red Dwarf: The Promised Land
Ray Fearon,His Dark Materials
Ray Fearon,Lessons of the Hour
Ray Fearon,2036 Origin Unknown
Ray Fearon,Shakespeare & Hathaway - Private Investigators
Ray Fearon,The Foreigner
Ray Fearon,Beauty and the Beast
Ray Fearon,Fleabag
Ray Fearon,The Girlfriend Experience
Ray Fearon,The Hooligan Factory
Ray Fearon,National Theatre Live: Macbeth
Ray Fearon,Julius Caesar
Ray Fearon,Boys On Film 8: Cruel Britannia
Ray Fearon,Hamilton: In the Interest of the Nation
Ray Fearon,Death in Paradise
Ray Fearon,Ein Sommer in Kapstadt
Ray Fearon,Moving On
Ray Fearon,Lulu and Jimi
Ray Fearon,Above Suspicion
Ray Fearon,The Chef's Letter
Ray Fearon,In Search of Shakespeare
Ray Fearon,Keen Eddie
Ray Fearon,Harry Potter and the Philosopher's Stone
Ray Fearon,Waking the Dead
Ray Fearon,As If
Ray Fearon,A Christmas Carol
Ray Fearon,The Clandestine Marriage
Ray Fearon,Midsomer Murders
Ray Fearon,Hamlet
Ray Fearon,An Audience with...
Nina Young,The Surfer
Nina Young,How to Please a Woman
Nina Young,Molly Moon and the Incredible Book of Hypnotism
Nina Young,The Woman on the Cliff
Nina Young,The Magnificent Eleven
Nina Young,Clash of the Titans
Nina Young,The Mistress of Spices
Nina Young,Things to Do Before You're 30
Nina Young,Out of the Ashes
Nina Young,Johnny English
Nina Young,Warrior Angels
Terence Bayler,Chemical Wedding
Terence Bayler,Life Begins
Terence Bayler,Harry Potter and the Philosopher's Stone
Terence Bayler,The Remains of the Day
Terence Bayler,Eye of the Storm
Terence Bayler,Pulaski
Terence Bayler,Crystalstone
Terence Bayler,Brazil
Terence Bayler,This Office Life
Terence Bayler,Time Bandits
Richard Bremmer,Ourhouse
Richard Bremmer,Flux Gourmet
Richard Bremmer,The Third Day
Richard Bremmer,The Song of Names
Richard Bremmer,Star Wars: The Rise of Skywalker
Richard Bremmer,In Fabric
Richard Bremmer,The Alienist
Richard Bremmer,Swallows and Amazons
Richard Bremmer,Beowulf: Return to the Shieldlands
Richard Bremmer,In the Heart of the Sea
Richard Bremmer,Mr. Turner
Richard Bremmer,Perdition County
Richard Bremmer,Murder on the Home Front
Richard Bremmer,Les Misérables
Nina Young,Harry Potter and the Philosopher's Stone
Nina Young,A Lump In My Throat
Nina Young,Take a Girl Like You
Nina Young,Sliding Doors
Nina Young,Tomorrow Never Dies
Nina Young,Pilgrim's Rest
Nina Young,The Demon Headmaster
Nina Young,Game On
Nina Young,"England, My England"
Nina Young,Two Golden Balls
Terence Bayler,Life of Brian
Terence Bayler,The Light Princess
Terence Bayler,"Renoir, My Father"
Terence Bayler,The Vanishing Army
Terence Bayler,The Hunchback of Notre Dame
Terence Bayler,The Snow Queen
Terence Bayler,Old Man March Is Dead
Terence Bayler,The Venturers
Terence Bayler,Dr. Watson and the Darkwater Hall Mystery
Terence Bayler,The Regiment
Terence Bayler,Macbeth
Terence Bayler,Traitor
Terence Bayler,"Upstairs, Downstairs"
Terence Bayler,Justice
Terence Bayler,The Rivals of Sherlock Holmes
Terence Bayler,The Lie
Terence Bayler,Play for Today
Terence Bayler,Special Branch
Terence Bayler,Doctor Who: The War Games
Terence Bayler,You Can't Win
Terence Bayler,Doctor Who: The Ark
Terence Bayler,Mystery and Imagination
Terence Bayler,Doctor Who
Terence Bayler,Broken Barrier
Richard Bremmer,City Slacker
Richard Bremmer,The Hollow Crown
Richard Bremmer,The Power of Three
Richard Bremmer,Macbeth
Richard Bremmer,Volpone
Richard Bremmer,The Lost Explorer
Richard Bremmer,Control
Richard Bremmer,Kingdom
Richard Bremmer,Mr. Loveday's Little Outing
Richard Bremmer,Agatha Christie's Marple
Richard Bremmer,The Aryan Couple
Richard Bremmer,Viper in the Fist
Richard Bremmer,Ripper 2: Letter from Within
Richard Bremmer,Charles II: The Power and The Passion
Richard Bremmer,The Order
Richard Bremmer,To Kill a King
Richard Bremmer,"Twelfth Night, or What You Will"
Richard Bremmer,Shanghai Knights
Richard Bremmer,Half Past Dead
Richard Bremmer,Harry Potter and the Philosopher's Stone
Richard Bremmer,Just Visiting
Richard Bremmer,Onegin
Richard Bremmer,The 13th Warrior
Richard Bremmer,Crime and Punishment
Richard Bremmer,The Girl with Brains in Her Feet
Richard Bremmer,Richard II
Richard Bremmer,Scarlet and Black
Richard Bremmer,Peak Practice
Richard Bremmer,Performance
Richard Bremmer,Zastrozzi: A Romance
Richard Bremmer,Stars of the Roller State Disco
Richard Bremmer,By the Sword Divided
Richard Bremmer,Made in Britain
Harry Taylor,The Trip to Greece
Harry Taylor,Dark Shadows
Harry Taylor,Alice in Wonderland
Harry Taylor,Enid
Harry Taylor,Sweeney Todd: The Demon Barber of Fleet Street
Harry Taylor,The Da Vinci Code
Harry Taylor,Charlie and the Chocolate Factory
Harry Taylor,Harry Potter and the Chamber of Secrets
Harry Taylor,Harry Potter and the Philosopher's Stone
Harry Taylor,Mission Manila
Harry Taylor,Demon of Paradise
Elizabeth Spriggs,Is Anybody There?
Elizabeth Spriggs,James Ellis: An Actor's Life
Elizabeth Spriggs,Jericho
Elizabeth Spriggs,Love Soup
Elizabeth Spriggs,The Queen of Sheba's Pearls
Elizabeth Spriggs,The Royal
Elizabeth Spriggs,Nice Guy Eddie
Elizabeth Spriggs,The Adventures of Young Indiana Jones: Adventures in the Secret Service
Elizabeth Spriggs,Shackleton
Elizabeth Spriggs,Harry Potter and the Philosopher's Stone
Elizabeth Spriggs,The Sleeper
Elizabeth Spriggs,For My Baby
Elizabeth Spriggs,Randall & Hopkirk (Deceased)
Elizabeth Spriggs,A Christmas Carol
Elizabeth Spriggs,Wives and Daughters
Elizabeth Spriggs,Alice in Wonderland
Elizabeth Spriggs,The Barber of Siberia
Elizabeth Spriggs,Midsomer Murders
Elizabeth Spriggs,Paradise Road
Elizabeth Spriggs,The Secret Agent
Elizabeth Spriggs,Sense and Sensibility
Elizabeth Spriggs,Martin Chuzzlewit
Elizabeth Spriggs,Takin' Over the Asylum
Elizabeth Spriggs,Middlemarch
Elizabeth Spriggs,A Pinch of Snuff
Elizabeth Spriggs,Class Act
Elizabeth Spriggs,The Hour of the Pig
Elizabeth Spriggs,The Last Vampyre
Elizabeth Spriggs,Anglo Saxon Attitudes
Elizabeth Spriggs,Heartbeat
Elizabeth Spriggs,The Old Devils
Elizabeth Spriggs,The Young Indiana Jones Chronicles
Elizabeth Spriggs,Soldier Soldier
Elizabeth Spriggs,Impromptu
Elizabeth Spriggs,Survival of the Fittest
Elizabeth Spriggs,Jeeves and Wooster
Elizabeth Spriggs,Oranges Are Not the Only Fruit
Elizabeth Spriggs,Tales from the Crypt
Elizabeth Spriggs,Young Charlie Chaplin
Elizabeth Spriggs,Agatha Christie's Poirot
Elizabeth Spriggs,Kind of Living
Elizabeth Spriggs,Simon and the Witch
Elizabeth Spriggs,Doctor Who: Paradise Towers
Elizabeth Spriggs,The Ruth Rendell Mysteries
Elizabeth Spriggs,Watching
Elizabeth Spriggs,The Devil's Disciple
Elizabeth Spriggs,Casualty
Elizabeth Spriggs,Lovejoy
Elizabeth Spriggs,The Thirteenth Day of Christmas
Elizabeth Spriggs,Time for Murder
Elizabeth Spriggs,Parker
Elizabeth Spriggs,Sakharov
Elizabeth Spriggs,Sherlock Holmes
Elizabeth Spriggs,The Cold Room
Elizabeth Spriggs,Those Glory Glory Days
Elizabeth Spriggs,The Merry Wives of Windsor
Elizabeth Spriggs,Spider's Web
Elizabeth Spriggs,Objects of Affection
Elizabeth Spriggs,Our Winnie
Elizabeth Spriggs,Intensive Care
Elizabeth Spriggs,The Haunting of Cassie Palmer
Elizabeth Spriggs,An Unsuitable Job for a Woman
Elizabeth Spriggs,Shine on Harvey Moon
Elizabeth Spriggs,Bergerac
Elizabeth Spriggs,Lady Chatterley's Lover
Elizabeth Spriggs,The Cause
Elizabeth Spriggs,The Kindness of Mrs Radcliffe
Elizabeth Spriggs,Fothergill
Elizabeth Spriggs,Richard's Things
Elizabeth Spriggs,Fox
Elizabeth Spriggs,The Dybbuk
Elizabeth Spriggs,The Enigma
Elizabeth Spriggs,Tales of the Unexpected
Elizabeth Spriggs,Julius Caesar
Elizabeth Spriggs,Afternoon Off
Elizabeth Spriggs,The BBC Television Shakespeare
Elizabeth Spriggs,Able's Will
Elizabeth Spriggs,Victorian Scandals
Elizabeth Spriggs,Love Letters on Blue Paper
Elizabeth Spriggs,The Glittering Prizes
Elizabeth Spriggs,Prometheus: The Life of Balzac
Elizabeth Spriggs,Leeds United!
Elizabeth Spriggs,Rust
Elizabeth Spriggs,Black and Blue
Elizabeth Spriggs,Play for Today
Elizabeth Spriggs,3 Into 2 Won't Go
Elizabeth Spriggs,Work Is a 4-Letter Word
Elizabeth Spriggs,The Expert
Elizabeth Spriggs,All's Well That Ends Well
Elizabeth Spriggs,BBC Play of the Month
Elizabeth Spriggs,Doctor Who
Elizabeth Spriggs,Festival
Geraldine Somerville,Gorka
Geraldine Somerville,Fair Play
Geraldine Somerville,The Gentlemen
Geraldine Somerville,Christmas in the Highlands
Geraldine Somerville,Kiss Me First
Geraldine Somerville,Goodbye Christopher Robin
Geraldine Somerville,The Hippopotamus
Geraldine Somerville,Prime Suspect 1973
Geraldine Somerville,Kids in Love
Geraldine Somerville,Automata
Geraldine Somerville,The Riot Club
Geraldine Somerville,Grace of Monaco
Geraldine Somerville,Quirke
Geraldine Somerville,The Girl
Geraldine Somerville,Titanic
Geraldine Somerville,My Week with Marilyn
Geraldine Somerville,Harry Potter and the Deathly Hallows: Part 2
Geraldine Somerville,Harry Potter and the Deathly Hallows: Part 1
Geraldine Somerville,Harry Potter and the Half-Blood Prince
Geraldine Somerville,Survivors
Geraldine Somerville,The Children
Geraldine Somerville,Inspector George Gently
Geraldine Somerville,Harry Potter and the Order of the Phoenix
Geraldine Somerville,Daphne
Geraldine Somerville,Sixty Six
Geraldine Somerville,Harry Potter and the Goblet of Fire
Geraldine Somerville,Jericho
Geraldine Somerville,Harry Potter and the Prisoner of Azkaban
Geraldine Somerville,New Tricks
Geraldine Somerville,The Safe House
Geraldine Somerville,The Making of 'Gosford Park'
Geraldine Somerville,The Inspector Lynley Mysteries
Geraldine Somerville,Harry Potter and the Philosopher's Stone
Geraldine Somerville,Gosford Park
Geraldine Somerville,Murder in Mind
Geraldine Somerville,Daylight Robbery
Geraldine Somerville,Aristocrats
Geraldine Somerville,Jilting Joe
Geraldine Somerville,True Blue
Geraldine Somerville,Silent Witness
Geraldine Somerville,After Miss Julie
Geraldine Somerville,Haunted
Geraldine Somerville,The Deep Blue Sea
Geraldine Somerville,A Business Affair
Geraldine Somerville,Romeo and Juliet
Geraldine Somerville,Cracker
Geraldine Somerville,Close My Eyes
Geraldine Somerville,The Black Velvet Gown
Geraldine Somerville,Performance
Geraldine Somerville,Agatha Christie's Poirot
Geraldine Somerville,Casualty
Geraldine Somerville,The Bill
Luke Youngblood,Baby Shark's Big Movie
Luke Youngblood,Fantastic Friends
Luke Youngblood,We Baby Bears
Luke Youngblood,Harry Potter: Hogwarts Tournament of Houses
Luke Youngblood,"Do, Re & Mi"
Luke Youngblood,The Witcher: Nightmare of the Wolf
Luke Youngblood,Baby Shark's Big Show!
Luke Youngblood,Useless Humans
Luke Youngblood,In Hollywoodland
Luke Youngblood,Glitch Techs
Luke Youngblood,Fast & Furious Spy Racers
Luke Youngblood,An Orgy in Joshua Tree
Luke Youngblood,White Famous
Luke Youngblood,Dr. Ken
Luke Youngblood,Galavant
Luke Youngblood,Bubble Guppies
Luke Youngblood,Community
Luke Youngblood,Glee
Luke Youngblood,Harry Potter and the Chamber of Secrets
Luke Youngblood,The Story of Tracy Beaker
Luke Youngblood,Harry Potter and the Philosopher's Stone
Luke Youngblood,The IMAX Nutcracker
Bonnie Wright,Those Who Wander
Bonnie Wright,Harry Potter: Wizards of Baking
Bonnie Wright,David Holmes: The Boy Who Lived
Bonnie Wright,Fantastic Friends
Bonnie Wright,Harry Potter 20th Anniversary: Return to Hogwarts
Bonnie Wright,A Christmas Carol
Bonnie Wright,Who Killed Nelson Nutmeg?
Bonnie Wright,Sweat
Bonnie Wright,My Dad Is Scrooge
Bonnie Wright,How (Not) to Rob a Train
Bonnie Wright,Before I Sleep
Bonnie Wright,After the Dark
Bonnie Wright,The Sea
Bonnie Wright,The Great Sport Relief Bake Off
Bonnie Wright,Disney Parks Christmas Day Parade
Bonnie Wright,Harry Potter and the Deathly Hallows: Part 2
Bonnie Wright,Harry Potter and the Deathly Hallows: Part 1
Bonnie Wright,Harry Potter and the Half-Blood Prince
Bonnie Wright,Harry Potter and the Order of the Phoenix
Bonnie Wright,The Replacements
Bonnie Wright,Harry Potter and the Goblet of Fire
Bonnie Wright,Agatha Christie: A Life in Pictures
Adrian Rawlins,Reykjavik
Adrian Rawlins,Moonflower Murders
Adrian Rawlins,Mary & George
Adrian Rawlins,One Life
Adrian Rawlins,The Sixth Commandment
Adrian Rawlins,Living
Adrian Rawlins,Star Wars: Andor
Adrian Rawlins,Slow Horses
Adrian Rawlins,The Colour Room
Adrian Rawlins,Undergods
Adrian Rawlins,Tom Clancy's Without Remorse
Adrian Rawlins,Grace
Adrian Rawlins,Small Axe
Adrian Rawlins,All Creatures Great & Small
Adrian Rawlins,Susan Hill's Ghost Story
Adrian Rawlins,Chernobyl
Adrian Rawlins,A Discovery of Witches
Adrian Rawlins,Innocent
Adrian Rawlins,Darkest Hour
Adrian Rawlins,The White Princess
Adrian Rawlins,War and Peace
Verne Troyer,"Aliens, Clowns & Geeks"
Verne Troyer,The 420 Movie
Verne Troyer,My 90 Year Old Roommate
Verne Troyer,Good Mythical Crew
Verne Troyer,"Trailer Park Boys: Drunk, High and Unemployed: Live In Austin"
Verne Troyer,Convenience
Verne Troyer,I Hate Christian Laettner
Verne Troyer,Gnome Alone
Verne Troyer,The Adventures of Uncle Colt and Cletus: Hedge-Hoggin
Verne Troyer,Through the Keyhole
Verne Troyer,Fra Sydhavn til West Coast
Verne Troyer,Whose Line Is It Anyway?
Verne Troyer,Celebrity Juice: Too Juicy For TV 2!
Bonnie Wright,Harry Potter and the Prisoner of Azkaban
Bonnie Wright,Harry Potter and the Chamber of Secrets
Bonnie Wright,Stranded
Bonnie Wright,Harry Potter and the Philosopher's Stone
Adrian Rawlins,Bridgend
Adrian Rawlins,The Woman in Black 2: Angel of Death
Adrian Rawlins,Glue
Adrian Rawlins,By Any Means
Adrian Rawlins,Father Brown
Adrian Rawlins,Mrs Biggs
Adrian Rawlins,The Raven
Adrian Rawlins,Death in Paradise
Adrian Rawlins,Intruders
Adrian Rawlins,Harry Potter and the Deathly Hallows: Part 2
Adrian Rawlins,Harry Potter and the Deathly Hallows: Part 1
Adrian Rawlins,Misfits
Adrian Rawlins,Tales of the Fourth Dimension
Adrian Rawlins,Hunter
Adrian Rawlins,10 Days to War
Adrian Rawlins,The Old Curiosity Shop
Adrian Rawlins,Clapham Junction
Adrian Rawlins,Harry Potter and the Order of the Phoenix
Adrian Rawlins,Life Line
Adrian Rawlins,Lewis
Adrian Rawlins,Harry Potter and the Goblet of Fire
Adrian Rawlins,Ahead of the Class
Adrian Rawlins,Doctor Who
Adrian Rawlins,Agatha Christie's Marple
Adrian Rawlins,Harry Potter and the Prisoner of Azkaban
Adrian Rawlins,New Tricks
Adrian Rawlins,Hear the Silence
Adrian Rawlins,Wilbur Wants to Kill Himself
Adrian Rawlins,The Stretford Wives
Adrian Rawlins,Spooks
Verne Troyer,Keith Lemon: The Film
Verne Troyer,The Imaginarium of Doctor Parnassus
Verne Troyer,Live from Studio Five
Verne Troyer,Celebrity Juice
Verne Troyer,College
Verne Troyer,The Love Guru
Verne Troyer,Postal
Verne Troyer,The Alan Titchmarsh Show
Verne Troyer,Welcome to Sweden
Verne Troyer,The Surreal Life: Fame Games
Verne Troyer,The Girls Next Door
Verne Troyer,Karroll's Christmas
Verne Troyer,Pauly Shore Is Dead
Verne Troyer,The Surreal Life
Verne Troyer,Half & Half
Verne Troyer,Austin Powers in Goldmember
Verne Troyer,Hard Cash
Verne Troyer,Harry Potter and the Philosopher's Stone
Verne Troyer,Scrubs
Verne Troyer,Bubble Boy
Verne Troyer,Playboy Mansion Parties Uncensored
Verne Troyer,Celebrity Big Brother
Verne Troyer,How the Grinch Stole Christmas
Verne Troyer,Boston Public
Verne Troyer,Bit Players
Verne Troyer,Jack of All Trades
Verne Troyer,Madonna: The Video Collection 93:99
Verne Troyer,Shasta McNasty
Verne Troyer,Teen Choice Awards
Verne Troyer,Austin Powers: The Spy Who Shagged Me
Verne Troyer,Here Lies Lonely
Verne Troyer,Instinct
Verne Troyer,The Wacky Adventures of Ronald McDonald: The Visitors from Outer Space
Verne Troyer,The Wacky Adventures of Ronald McDonald: The Legend of Grimace Island
Verne Troyer,Mighty Joe Young
Verne Troyer,The Wacky Adventures of Ronald McDonald: Scared Silly
Verne Troyer,V.I.P.
Verne Troyer,Fear and Loathing in Las Vegas
Verne Troyer,My Giant
Verne Troyer,Wishmaster
Verne Troyer,The View
Verne Troyer,Men in Black
Verne Troyer,Jingle All the Way
Verne Troyer,Pinocchio's Revenge
Adrian Rawlins,The Inspector Lynley Mysteries
Adrian Rawlins,Harry Potter and the Philosopher's Stone
Adrian Rawlins,My Brother Tom
Adrian Rawlins,Blood
Adrian Rawlins,Badger
Adrian Rawlins,Sunburn
Adrian Rawlins,Trial & Retribution
Adrian Rawlins,Midsomer Murders
Adrian Rawlins,Different for Girls
Adrian Rawlins,Breaking the Waves
Adrian Rawlins,Dalziel & Pascoe
Adrian Rawlins,Silent Witness
Adrian Rawlins,The Inner Sanctuary
Adrian Rawlins,She's Out
Adrian Rawlins,Tears Before Bedtime
Adrian Rawlins,The Man from Snowy River
Adrian Rawlins,Running Late
Adrian Rawlins,Soldier Soldier
Adrian Rawlins,Seduction
Adrian Rawlins,Mountains of the Moon
Adrian Rawlins,The Woman in Black
Adrian Rawlins,The Ginger Tree
Adrian Rawlins,The Four Minute Mile
Adrian Rawlins,Casualty
Adrian Rawlins,Revolution
Adrian Rawlins,I Live With Me Dad
Adrian Rawlins,Chance in a Million
Verne Troyer,"Sabrina, the Teenage Witch"
Verne Troyer,E! True Hollywood Story
Verne Troyer,Masked Rider
Verne Troyer,Raw
Adrian Rawlins,Widows
Zoë Wanamaker,Bergerac
Zoë Wanamaker,Criminal Record
Zoë Wanamaker,The Man Who Fell to Earth
Zoë Wanamaker,National Theatre Live: Constellations
Julie Walters,Mamma Mia! 3
Julie Walters,What Would Julie Do?
Julie Walters,Paddington in Peru
Julie Walters,The Queen and Us
Julie Walters,The Queen: 70 Glorious Years
Julie Walters,The Abominable Snow Baby
Julie Walters,Moley
Julie Walters,Parkinson at 50
Zoë Wanamaker,The Cleaner
Zoë Wanamaker,Shadow and Bone
Zoë Wanamaker,Worzel Gummidge
Zoë Wanamaker,1944: Should We Bomb Auschwitz?
Zoë Wanamaker,Manson: The Lost Tapes
Zoë Wanamaker,My Family and The Galapagos
Zoë Wanamaker,Killing Eve
Zoë Wanamaker,Britannia
Zoë Wanamaker,Girlfriends
Zoë Wanamaker,Babs
Zoë Wanamaker,Handmade: By Royal Appointment
Zoë Wanamaker,Inside No. 9
Zoë Wanamaker,Captcha
Zoë Wanamaker,Muse of Fire
Zoë Wanamaker,Wodehouse In Exile
Zoë Wanamaker,Mr Selfridge
Zoë Wanamaker,Return to the Falklands
Zoë Wanamaker,My Week with Marilyn
Zoë Wanamaker,National Theatre Live: The Cherry Orchard
Zoë Wanamaker,All My Sons
Julie Walters,The Vicar of Dibley: Inside Out
Julie Walters,Chefs' Burnt Bits
Julie Walters,For The Love Of Britain
Julie Walters,Victoria Wood In Her Own Words
Julie Walters,The Secret Garden
Julie Walters,The National Television Awards Celebrate 25 Years
Julie Walters,Master Moley by Royal Invitation
Julie Walters,Weasels: Feisty and Fearless
Julie Walters,Wild Rose
Julie Walters,The Queen's Corgi
Julie Walters,Mary Poppins Returns
Julie Walters,Mamma Mia! Here We Go Again
Julie Walters,Sherlock Gnomes
Julie Walters,Coastal Railways with Julie Walters
Julie Walters,Film Stars Don't Die in Liverpool
Julie Walters,Paddington 2
Julie Walters,The Secret Life of Sue Townsend (Aged 68 3/4)
Julie Walters,National Treasure
Julie Walters,Roald Dahl's Most Marvellous Book
Julie Walters,There's Something About Romcoms
Julie Walters,Let's Do It: A Tribute to Victoria Wood
Julie Walters,A Grand Night In: The Story of Aardman
Zoë Wanamaker,It's a Wonderful Afterlife
Zoë Wanamaker,Doctor Who Greatest Moments
Zoë Wanamaker,Ochberg's Orphans
Zoë Wanamaker,The Old Curiosity Shop
Zoë Wanamaker,Johnny and the Bomb
Zoë Wanamaker,A Waste of Shame: The Mystery of Shakespeare and His Sonnets
Zoë Wanamaker,ShakespeaRe-Told
Zoë Wanamaker,The Real Amityville Horror
Zoë Wanamaker,Shakespeare's Globe
Zoë Wanamaker,Doctor Who
Zoë Wanamaker,Agatha Christie's Marple
Zoë Wanamaker,Five Children and It
Zoë Wanamaker,Who Do You Think You Are?
Zoë Wanamaker,"Cinema, Sex, Politics: Bertolucci Makes ‘The Dreamers’"
Zoë Wanamaker,Richard & Judy
Zoë Wanamaker,Harry Potter and the Philosopher's Stone
Zoë Wanamaker,Adrian Mole: The Cappuccino Years
Zoë Wanamaker,My Family
Zoë Wanamaker,Gormenghast
Zoë Wanamaker,David Copperfield
Zoë Wanamaker,The Magical Legend of the Leprechauns
Zoë Wanamaker,Swept from the Sea
Zoë Wanamaker,A Dance to the Music of Time
Zoë Wanamaker,Wilde
Zoë Wanamaker,All Mod Cons
Julie Walters,Brooklyn
Julie Walters,Very British Problems
Julie Walters,Britain's Busiest Airport: Heathrow
Julie Walters,Artsnight
Julie Walters,Indian Summers
Julie Walters,A Life on Screen
Julie Walters,Paddington
Julie Walters,Effie Gray
Julie Walters,The Harry Hill Movie
Julie Walters,One Chance
Julie Walters,Justin and the Knights of Valour
Julie Walters,The Legend of Mor'du
Julie Walters,National Theatre Live: The Last of the Haussmans
Julie Walters,Victoria Wood's Short Term Memories
Julie Walters,The Hollow Crown
Julie Walters,Brave
Julie Walters,When Harry Left Hogwarts
Julie Walters,50 Greatest Harry Potter Moments
Julie Walters,Harry Potter and the Deathly Hallows: Part 2
Julie Walters,Gnomeo & Juliet
Julie Walters,Harry Potter and the Deathly Hallows: Part 1
Julie Walters,Mo
Julie Walters,Victoria Wood's Midlife Christmas
Julie Walters,Harry Potter and the Half-Blood Prince
Julie Walters,A Short Stay in Switzerland
Julie Walters,Birthing Mamma Mia!
Julie Walters,Mamma Mia!
Julie Walters,Filth: The Mary Whitehouse Story
Julie Walters,Harry Potter and the Order of the Phoenix
Julie Walters,Becoming Jane
Julie Walters,The Graham Norton Show
Zoë Wanamaker,The Widowing of Mrs. Holroyd
Zoë Wanamaker,Eilish: Life Without Katie
Zoë Wanamaker,The Blackheath Poisonings
Zoë Wanamaker,The Countess Alice
Zoë Wanamaker,Shakespeare: The Animated Tales
Zoë Wanamaker,Memento Mori
Zoë Wanamaker,Love Hurts
Zoë Wanamaker,Pebble Mill
Zoë Wanamaker,Prime Suspect
Zoë Wanamaker,Performance
Zoë Wanamaker,Othello
Zoë Wanamaker,Ball-Trap On The Cote Sauvage
Zoë Wanamaker,Poor Little Rich Girl: The Barbara Hutton Story
Zoë Wanamaker,Agatha Christie's Poirot
Zoë Wanamaker,The Dog It Was That Died
Zoë Wanamaker,The Raggedy Rawney
Zoë Wanamaker,Inspector Morse
Zoë Wanamaker,Paradise Postponed
Zoë Wanamaker,Edge of Darkness
Zoë Wanamaker,Screen Two
Zoë Wanamaker,Piaf
Zoë Wanamaker,Natural World
Zoë Wanamaker,The Tragedy of Richard III
Zoë Wanamaker,Inside the Third Reich
Zoë Wanamaker,Baal
Zoë Wanamaker,Strike: The Birth of Solidarity
Zoë Wanamaker,Tales of the Unexpected
Zoë Wanamaker,The BBC Television Shakespeare
Zoë Wanamaker,The Devil's Crown
Zoë Wanamaker,Danton's Death
Julie Walters,The Ruby in the Smoke
Julie Walters,Driving Lessons
Julie Walters,The One Show
Julie Walters,Acorn Antiques: The Musical
Julie Walters,Wah-Wah
Julie Walters,Ahead of the Class
Julie Walters,Mickybo and Me
Julie Walters,Who Do You Think You Are?
Julie Walters,Harry Potter and the Prisoner of Azkaban
Julie Walters,The Return
Julie Walters,Canterbury Tales
Julie Walters,Calendar Girls
Julie Walters,Comedy Connections
Julie Walters,Harry Potter and the Chamber of Secrets
Julie Walters,Dawn French's Girls Who Do Comedy
Julie Walters,Before You Go
Julie Walters,Murder
Julie Walters,The Jury
Julie Walters,Harry Potter and the Philosopher's Stone
Julie Walters,Lover's Prayer
Julie Walters,My Beautiful Son
Julie Walters,Victoria Wood with All the Trimmings
Julie Walters,Billy Elliot
Julie Walters,Oliver Twist
Julie Walters,Jack and the Beanstalk: The ITV Pantomime
Julie Walters,dinnerladies
Julie Walters,Talking Heads 2
Julie Walters,Titanic Town
Julie Walters,Girls' Night
Julie Walters,Parkinson
Julie Walters,Melissa
Julie Walters,Bathtime
Julie Walters,Brazen Hussies
Zoë Wanamaker,A Christmas Carol
Zoë Wanamaker,The Story of Pantomime
Zoë Wanamaker,Jennie: Lady Randolph Churchill
Zoë Wanamaker,Hitler: The Last Ten Days
Zoë Wanamaker,The Eagle Has Landed
Zoë Wanamaker,Tony Awards
Julie Walters,Intimate Relations
Julie Walters,Hetty Wainthropp Investigates
Julie Walters,Little Red Riding Hood
Julie Walters,Jake's Progress
Julie Walters,Sister My Sister
Julie Walters,Requiem Apache
Julie Walters,Pat and Margaret
Julie Walters,Bambino Mio
Julie Walters,Michael Caine: Breaking the Mold
Julie Walters,The Summer House
Julie Walters,Wide-Eyed and Legless
Julie Walters,GMTV
Julie Walters,Victoria Wood's All Day Breakfast
Julie Walters,Just Like a Woman
Julie Walters,Julie Walters and Friends
Julie Walters,Stepping Out
Julie Walters,G.B.H.
Julie Walters,Victoria Wood
Julie Walters,Mack the Knife
Julie Walters,Killing Dad (Or How to Love Your Mother)
Julie Walters,An Audience With Victoria Wood
Julie Walters,This Morning
Julie Walters,Buster
Julie Walters,Talking Heads
Julie Walters,Acorn Antiques
Julie Walters,The Birthday Party
Julie Walters,Prick Up Your Ears
Julie Walters,Personal Services
Julie Walters,Car Trouble
Julie Walters,An Audience with Billy Connolly
Julie Walters,Dreamchild
Julie Walters,The Secret Diary of Adrian Mole Aged 13¾
Julie Walters,Theatre Night
Julie Walters,The Glass Box
Julie Walters,Unfair Exchanges
Julie Walters,Victoria Wood As Seen On TV
Julie Walters,An Audience with Mel Brooks
Julie Walters,She'll Be Wearing Pink Pyjamas
Julie Walters,Natural World
Julie Walters,Educating Rita
Julie Walters,Say Something Happened
Julie Walters,Objects of Affection
Julie Walters,Intensive Care
Julie Walters,Boys from the Blackstuff
Julie Walters,Wogan
Julie Walters,Wood and Walters
Julie Walters,Happy Since I Met You
Julie Walters,Days at the Beach
Julie Walters,Nearly a Happy Ending
Julie Walters,Talent
Julie Walters,"Soldiers Talking, Cleanly"
Julie Walters,Me! I'm Afraid of Virginia Woolf
Julie Walters,Empire Road
Julie Walters,An Audience with...
Julie Walters,Occupy!
Julie Walters,Club Havana
Julie Walters,Playhouse
Julie Walters,Play for Today
Julie Walters,The Oscars
Chris Rankin,King Arthur in Kentucky
Chris Rankin,Who is James Payton?
Chris Rankin,Gracie
Chris Rankin,Harry Potter and the Deathly Hallows: Part 2
Chris Rankin,Harry Potter and the Order of the Phoenix
Chris Rankin,Victoria Cross Heroes
Chris Rankin,Harry Potter and the Prisoner of Azkaban
Chris Rankin,Harry Potter and the Chamber of Secrets
Chris Rankin,Harry Potter and the Philosopher's Stone
Alfred Enoch,Miss Austen
Alfred Enoch,The Critic
Alfred Enoch,The Couple Next Door
Alfred Enoch,This Is Christmas
Alfred Enoch,Fantastic Friends
Alfred Enoch,Executive Order
Alfred Enoch,Harry Potter 20th Anniversary: Return to Hogwarts
Alfred Enoch,Foundation
Jamie Waylett,Harry Potter and the Half-Blood Prince
Jamie Waylett,Harry Potter and the Order of the Phoenix
Jamie Waylett,Harry Potter and the Goblet of Fire
Jamie Waylett,Harry Potter and the Prisoner of Azkaban
Jamie Waylett,Harry Potter and the Chamber of Secrets
Jamie Waylett,Harry Potter and the Philosopher's Stone
Josh Herdman,No Way Home
Josh Herdman,Star Wars: Andor
Josh Herdman,The Games
Josh Herdman,The Man Who Fell to Earth
Josh Herdman,Alex Rider
Josh Herdman,Robin Hood
Josh Herdman,Sink
Josh Herdman,Two Graves
Josh Herdman,Common People
Josh Herdman,Piggy
Josh Herdman,Harry Potter and the Deathly Hallows: Part 2
Josh Herdman,Harry Potter and the Deathly Hallows: Part 1
Alfred Enoch,Tigers
Alfred Enoch,Romeo and Juliet
Alfred Enoch,Watch on the Rhine
Alfred Enoch,The Picture of Dorian Gray
Alfred Enoch,Red
Alfred Enoch,Troy: Fall of a City
Alfred Enoch,Trust Me
Alfred Enoch,King Lear
Alfred Enoch,How to Get Away with Murder
Alfred Enoch,National Theatre Live: Coriolanus
Alfred Enoch,Broadchurch
Alfred Enoch,National Theatre Live: Antigone
Alfred Enoch,National Theatre Live: Timon of Athens
Alfred Enoch,Harry Potter and the Deathly Hallows: Part 2
Alfred Enoch,Sherlock
Alfred Enoch,Harry Potter and the Half-Blood Prince
Alfred Enoch,Trailing Tonks
Alfred Enoch,Harry Potter and the Order of the Phoenix
Alfred Enoch,Harry Potter and the Goblet of Fire
Alfred Enoch,Harry Potter and the Prisoner of Azkaban
Alfred Enoch,Harry Potter and the Chamber of Secrets
Josh Herdman,Harry Potter and the Half-Blood Prince
Josh Herdman,Harry Potter and the Order of the Phoenix
Josh Herdman,Harry Potter and the Goblet of Fire
Josh Herdman,Harry Potter and the Prisoner of Azkaban
Josh Herdman,Harry Potter and the Chamber of Secrets
Josh Herdman,Harry Potter and the Philosopher's Stone
Josh Herdman,Near the city
Alfred Enoch,Harry Potter and the Philosopher's Stone
Devon Murray,Damo & Ivor: The Movie
Devon Murray,Harry Potter and the Deathly Hallows: Part 2
Devon Murray,Harry Potter and the Deathly Hallows: Part 1
Devon Murray,Harry Potter and the Half-Blood Prince
Devon Murray,Harry Potter and the Order of the Phoenix
Devon Murray,Harry Potter and the Goblet of Fire
Devon Murray,Harry Potter and the Prisoner of Azkaban
Devon Murray,Harry Potter and the Chamber of Secrets
Devon Murray,Harry Potter and the Philosopher's Stone
Devon Murray,Yesterday's Children
Devon Murray,Angela's Ashes
Devon Murray,This Is My Father
Oliver Phelps,Harry Potter: Wizards of Baking
Oliver Phelps,The Jennifer Hudson Show
Oliver Phelps,Fantastic Friends
Oliver Phelps,Harry Potter 20th Anniversary: Return to Hogwarts
Oliver Phelps,Last Night in Soho
Oliver Phelps,La resistencia
Oliver Phelps,Danny & the Human Zoo
Oliver Phelps,Harry Potter and the Deathly Hallows: Part 2
Oliver Phelps,Harry Potter and the Deathly Hallows: Part 1
Oliver Phelps,Harry Potter and the Half-Blood Prince
Oliver Phelps,A Mind's Eye
Oliver Phelps,Harry Potter and the Order of the Phoenix
Oliver Phelps,Kingdom
Oliver Phelps,Harry Potter and the Goblet of Fire
Oliver Phelps,Harry Potter and the Prisoner of Azkaban
Oliver Phelps,Harry Potter and the Chamber of Secrets
Oliver Phelps,Harry Potter and the Philosopher's Stone
John Cleese,Untitled Fawlty Towers Reboot
John Cleese,Cancel Me
John Cleese,Taking The Wheel
John Cleese,Nuclear Bogeyheads
John Cleese,How to Make Her Cheat
John Cleese,The  Roast of John Cleese
John Cleese,The Dinosaur Hour Extra
John Cleese,The Dinosaur Hour
John Cleese,The Palace
John Cleese,The Martini Shot
John Cleese,Rally Road Racers
John Cleese,Fawlty Towers: 50 Years of Laughs
John Cleese,Daddy Daughter Trip
John Cleese,Clifford the Big Red Dog
John Cleese,Father Christmas Is Back
John Cleese,Why Are We (Not) Creative?
John Cleese,Alexander Pope: Rediscovering a Genius
John Cleese,Monty Python's Best Bits Celebrated
John Cleese,LOL: Last One Laughing
John Cleese,The Very Excellent Mr. Dundee
John Cleese,Why there is no hope
John Cleese,Time Warp Vol. 3: Comedy and Camp
John Cleese,Time Warp Vol. 1: Midnight Madness
John Cleese,Assholes: A Theory
John Cleese,Arctic Dogs
John Cleese,Python at 50: Silly Talks and Holy Grails
John Cleese,The Naked Wanderer
John Cleese,An Accidental Studio
John Cleese,Elliot: The Littlest Reindeer
John Cleese,Charming
John Cleese,Hold the Sunset
John Cleese,Michael Palin: A Life on Screen
John Cleese,Trolls
John Cleese,Speechless
John Cleese,British Sitcom: 60 Years of Laughing at Ourselves
John Cleese,John Bishop: In Conversation with...
John Cleese,Albion: The Enchanted Stallion
John Cleese,The Late Show with Stephen Colbert
John Cleese,Behind Over the Garden Wall
John Cleese,Get Squirrely
John Cleese,Absolutely Anything
John Cleese,A Life on Screen
John Cleese,Spud 3: Learning to Fly
John Cleese,Monty Python: The Meaning of Live
John Cleese,Over the Garden Wall
John Cleese,Monty Python's Best Bits (Mostly)
John Cleese,Monty Python Live (Mostly)
John Cleese,Monty Python: And Now for Something Rather Similar
John Cleese,The Tonight Show Starring Jimmy Fallon
John Cleese,The Meaning of Monty Python
John Cleese,Planes
John Cleese,Spud 2: The Madness Continues
John Cleese,The Last Leg
John Cleese,The Many Faces of Ronnie Barker
John Cleese,Anatomy of a Liar
John Cleese,A Liar's Autobiography: The Untrue Story of Monty Python's Graham Chapman
John Cleese,God Loves Caviar
John Cleese,Beethoven's Christmas Adventure
John Cleese,The Big Year
John Cleese,Whitney
John Cleese,Mini Adventures of Winnie the Pooh
John Cleese,John Cleese: The Alimony Tour Live
John Cleese,The Undefeated
John Cleese,Winnie the Pooh
John Cleese,Spud
John Cleese,Shrek Forever After
John Cleese,Monty Python: Almost the Truth  (The Lawyer's Cut) - Theatrical Release
John Cleese,Planet 51
John Cleese,Monty Python: Almost the Truth (The Lawyer's Cut)
John Cleese,Fawlty Exclusive: Basil's Best Bits
John Cleese,Fawlty Towers: Re-Opened
John Cleese,The Pink Panther 2
John Cleese,Skavlan
John Cleese,The Day the Earth Stood Still
John Cleese,We Are Most Amused
John Cleese,Igor
John Cleese,Monty Python: Before the Flying Circus
John Cleese,The Seventh Python
John Cleese,Markus Lanz
John Cleese,Marty Feldman: Six Degrees of Separation
John Cleese,Life Of Brian Screenplay
John Cleese,Monty Python Conquers America
John Cleese,More Dawn French's Boys Who Do: Comedy
John Cleese,Movie Connections
John Cleese,Shrek the Third
John Cleese,Hitler: The Comedy Years
John Cleese,The Graham Norton Show
John Cleese,What the Pythons Did Next...
John Cleese,The Secret Life of Brian
John Cleese,Charlotte's Web
John Cleese,Legends
John Cleese,The South Bank Show: Spamalot
John Cleese,Robins
John Cleese,The One Show
John Cleese,L'Entente cordiale
John Cleese,Man About Town
John Cleese,The Art of Football from A to Z
John Cleese,Monty Python's Personal Best
John Cleese,Monty Python's Flying Circus - Graham Chapman's Personal Best
John Cleese,Return of the Goodies
John Cleese,Fawlty Towers Revisited
John Cleese,The Roots of Monty Python
John Cleese,Valiant
John Cleese,The Funny Blokes of British Comedy
John Cleese,Complete Guide to Guys
John Cleese,Remember the Secret Policeman's Ball?
John Cleese,Wine for the Confused
John Cleese,Entourage
John Cleese,Around the World in 80 Days
John Cleese,The Magic Touch of Harry Potter
John Cleese,Shrek 2
John Cleese,The Best of Monty Python's Flying Circus Volume 2
John Cleese,The Best of Monty Python's Flying Circus Volume 1
John Cleese,The Best of Monty Python's Flying Circus Volume 3
John Cleese,Concert for George
John Cleese,The Meaning of Making 'The Meaning of Life'
John Cleese,George of the Jungle 2
John Cleese,Charlie's Angels: Full Throttle
John Cleese,Scorched
John Cleese,Real Time with Bill Maher
John Cleese,Stupidity
John Cleese,Best Ever Bond
John Cleese,Die Another Day: From Script to Screen
James Phelps,Harry Potter: Wizards of Baking
James Phelps,Bloody Fury
James Phelps,The Jennifer Hudson Show
James Phelps,Fantastic Friends
James Phelps,Harry Potter 20th Anniversary: Return to Hogwarts
James Phelps,Last Night in Soho
James Phelps,Cadia: The World Within
James Phelps,La resistencia
James Phelps,Patchwork
James Phelps,Danny & the Human Zoo
James Phelps,Harry Potter and the Deathly Hallows: Part 2
James Phelps,Harry Potter and the Deathly Hallows: Part 1
James Phelps,Harry Potter and the Half-Blood Prince
James Phelps,A Mind's Eye
James Phelps,Harry Potter and the Order of the Phoenix
Sean Biggerstaff,Broono
Sean Biggerstaff,Action
Sean Biggerstaff,Good Omens
Sean Biggerstaff,Super November
Sean Biggerstaff,Whisky Galore
Sean Biggerstaff,In Extremis
Sean Biggerstaff,"Mary, Queen of Scots"
Sean Biggerstaff,Harry Potter and the Deathly Hallows: Part 2
Sean Biggerstaff,Garrow's Law
Sean Biggerstaff,X on a Map
Sean Biggerstaff,Consenting Adults
Sean Biggerstaff,Cashback
Sean Biggerstaff,Agatha Christie's Marple
Sean Biggerstaff,Charles II: The Power and The Passion
Sean Biggerstaff,Doctor Who: Shada
Sean Biggerstaff,Harry Potter and the Chamber of Secrets
Sean Biggerstaff,Harry Potter and the Philosopher's Stone
Sean Biggerstaff,The Winter Guest
Sean Biggerstaff,The Crow Road
John Cleese,Die Another Day
John Cleese,Harry Potter and the Chamber of Secrets
John Cleese,The Adventures of Pluto Nash
John Cleese,NDR Kultur – Das Journal
John Cleese,Wednesday 9:30 (8:30 Central)
John Cleese,Making Rat Race
John Cleese,Peter Cook: At a Slight Angle to the Universe
John Cleese,Richard & Judy
John Cleese,Harry Potter and the Philosopher's Stone
John Cleese,Mickey's House of Villains
John Cleese,Mickey's Magical Christmas: Snowed in at the House of Mouse
John Cleese,Rat Race
John Cleese,The Human Face
John Cleese,Disney's House of Mouse
John Cleese,The Magic Pudding
John Cleese,Edwurd Fudwupper Fibbed Big
John Cleese,The Life of Python
John Cleese,Quantum Project
John Cleese,Isn't She Great
John Cleese,Now Pay Attention 007: A Tribute to Actor Desmond Llewelyn
John Cleese,Rockstar
John Cleese,The World Is Not Enough
John Cleese,The Nutcracker
John Cleese,Monty Python: 30th Anniversary Sketches
John Cleese,Monty Python: From Spam to Sperm
John Cleese,The Monty Python Story
John Cleese,Parting Shots
John Cleese,Mickey Mouse Works
John Cleese,The Out-of-Towners
John Cleese,The Late Late Show with Craig Kilborn
John Cleese,Casper & Mandrilaftalen
John Cleese,Will & Grace
John Cleese,In The Wild: Operation Lemur With John Cleese
John Cleese,Monty Python: Live at Aspen
John Cleese,Parkinson
John Cleese,George of the Jungle
John Cleese,Fierce Creatures
John Cleese,The Wind in the Willows
James Phelps,Kingdom
James Phelps,Harry Potter and the Goblet of Fire
James Phelps,Harry Potter and the Prisoner of Azkaban
James Phelps,Harry Potter and the Chamber of Secrets
James Phelps,Harry Potter and the Philosopher's Stone
Harry Melling,Pillion
Harry Melling,Harvest
Harry Melling,Shoshana
Harry Melling,The Pale Blue Eye
Harry Melling,Please Baby Please
Harry Melling,The Tragedy of Macbeth
Harry Melling,Say Your Prayers
Harry Melling,The Queen's Gambit
Harry Melling,The Devil All the Time
Harry Melling,The Old Guard
Harry Melling,The War of the Worlds
Harry Melling,His Dark Materials
Harry Melling,Waiting for the Barbarians
Harry Melling,The Keeper
Harry Melling,The Ballad of Buster Scruggs
Harry Melling,The Current War
Harry Melling,The Lost City of Z
Harry Melling,Wolf Hall
Harry Melling,Harry Potter and the Deathly Hallows: Part 1
Harry Melling,Garrow's Law
Harry Melling,Merlin
Harry Melling,Harry Potter and the Order of the Phoenix
Harry Melling,Friends & Crocodiles
Harry Melling,Harry Potter and the Prisoner of Azkaban
Harry Melling,Harry Potter and the Chamber of Secrets
Harry Melling,Harry Potter and the Philosopher's Stone
John Cleese,E! True Hollywood Story
John Cleese,The Daily Show
John Cleese,Spike
John Cleese,3rd Rock from the Sun
John Cleese,MADtv
John Cleese,Look at the State We're In!
John Cleese,The Jungle Book
John Cleese,The Swan Princess
John Cleese,Mary Shelley's Frankenstein
John Cleese,Did I Ever Tell You How Lucky You Are?
John Cleese,Splitting Heirs
John Cleese,Funny Business
John Cleese,Amnesty International's Big 30
John Cleese,An American Tail: Fievel Goes West
John Cleese,Rabbit Ears -  Tom Thumb
John Cleese,Bullseye!
John Cleese,Life of Python
John Cleese,Quark the Dragon Slayer
John Cleese,Parrot Sketch Not Included: Twenty Years of Monty Python
John Cleese,The Big Picture
John Cleese,Erik the Viking
John Cleese,The Movie Life of George
John Cleese,Employees From Hell
John Cleese,Communicators From Hell
John Cleese,Customers From Hell
John Cleese,Bosses From Hell
John Cleese,The Secret Policeman’s Biggest Ball
John Cleese,This Morning
John Cleese,A Fish Called Wanda
John Cleese,John Cleese's First Farewell Performance
John Cleese,Quark and the Highway Robber
John Cleese,Dragonslayer Quark
John Cleese,Baby Quark
John Cleese,The Grand Knockout Tournament
John Cleese,The Secret Policeman’s Third Ball
John Cleese,Clockwise
John Cleese,The South Bank Show: John Cleese
John Cleese,Silverado
John Cleese,Gonzo Presents Muppet Weird Stuff
John Cleese,Yellowbeard
John Cleese,Group Madness
John Cleese,Monty Python's The Meaning of Life
John Cleese,Privates on Parade
John Cleese,Cheers
John Cleese,Monty Python Live at the Hollywood Bowl
John Cleese,Wogan
John Cleese,Whoops Apocalypse
John Cleese,The Secret Policeman's Other Ball
John Cleese,The Queen Special
John Cleese,Time Bandits
John Cleese,The Great Muppet Caper
John Cleese,"Wetten, dass..?"
John Cleese,The Tom Machine
John Cleese,Peter Cook & Co.
John Cleese,The Taming of the Shrew
John Cleese,The Secret Policeman's Ball
John Cleese,Doctor Who: City of Death
John Cleese,Golden Gordon
John Cleese,Not the Nine O'Clock News
John Cleese,Life of Brian
John Cleese,"The Pythons: Somewhere in Tunisia, Circa A.D. 1979"
John Cleese,"...To Norway, Home of Giants!"
John Cleese,Away from It All
John Cleese,The BBC Television Shakespeare
John Cleese,An Audience with...
John Cleese,The Strange Case of the End of Civilization as We Know It
John Cleese,The Mermaid Frolics
John Cleese,Three Piece Suite
John Cleese,Pleasure at Her Majesty's
John Cleese,The Muppet Show
John Cleese,Ripping Yarns
John Cleese,"Meetings, Bloody Meetings"
John Cleese,How Not to Exhibit Yourself
John Cleese,More Awkward Customers
John Cleese,Awkward Customers
John Cleese,Saturday Night Live
John Cleese,Fawlty Towers
John Cleese,Monty Python and the Holy Grail
John Cleese,Les Rendez-vous du dimanche
John Cleese,Monty Python & the Holy Grail Location Report
John Cleese,Romance with a Double Bass
John Cleese,Is This a Record?
John Cleese,Monty Python In The Netherlands
John Cleese,"Elementary, My Dear Watson"
John Cleese,Last of the Summer Wine
John Cleese,The Love Ban
John Cleese,Monty Python's Fliegender Zirkus
John Cleese,"Who Sold You This, Then?"
John Cleese,The Great Birds Eye Peas Relaunch 1971
John Cleese,And Now for Something Completely Different
John Cleese,Euroshow '71: May Day Special
John Cleese,The Statue
John Cleese,The Rise and Rise of Michael Rimmer
John Cleese,The Goodies
John Cleese,Monty Python: Who's There?
John Cleese,The Magic Christian
John Cleese,Monty Python's Flying Circus
John Cleese,Sez Les
John Cleese,How to Irritate People
John Cleese,The Best House in London
John Cleese,The Bliss of Mrs. Blossom
John Cleese,Interlude
John Cleese,Omnibus
John Cleese,Misleading Cases
John Cleese,At Last the 1948 Show
John Cleese,The Frost Report
John Cleese,Doctor Who
John Cleese,The Tonight Show Starring Johnny Carson
John Cleese,The Avengers
Matthew Lewis,Murder Before Evensong
Matthew Lewis,Avoidance
Matthew Lewis,Harry Potter 20th Anniversary: Return to Hogwarts
Matthew Lewis,Harry Potter: Hogwarts Tournament of Houses
Matthew Lewis,Baby Done
Matthew Lewis,All Creatures Great & Small
Matthew Lewis,Terminal
Matthew Lewis,Girlfriends
Matthew Lewis,Me Before You
Matthew Lewis,Drunk History
Matthew Lewis,Happy Valley
Matthew Lewis,The Sweet Shop
Matthew Lewis,Bluestone 42
Matthew Lewis,Ripper Street
Matthew Lewis,Daniel Radcliffe: Being Harry Potter
Matthew Lewis,The Rise
Matthew Lewis,The Syndicate
Matthew Lewis,Impractical Jokers
Matthew Lewis,Death in Paradise
Matthew Lewis,Harry Potter and the Deathly Hallows: Part 2
Matthew Lewis,Harry Potter and the Deathly Hallows: Part 1
Matthew Lewis,Harry Potter and the Half-Blood Prince
Matthew Lewis,Trailing Tonks
Matthew Lewis,Harry Potter and the Order of the Phoenix
Matthew Lewis,The Children's Party at the Palace
Matthew Lewis,Harry Potter and the Goblet of Fire
Matthew Lewis,Harry Potter and the Prisoner of Azkaban
Matthew Lewis,Harry Potter and the Chamber of Secrets
David Bradley,A Night Like This
David Bradley,Beneath
David Bradley,Frankenstein
David Bradley,My Sister's Bones
David Bradley,Coma
David Bradley,Good Grief
David Bradley,Chicken Run: Dawn of the Nugget
David Bradley,Your Christmas or Mine 2
Warwick Davis,Have I Got a Bit More News for You
Warwick Davis,Harry Potter: Wizards of Baking
Warwick Davis,Star Wars: Tales of the Empire
Warwick Davis,Willow: Behind the Magic
Warwick Davis,Willow
Warwick Davis,Moley
Warwick Davis,Star Wars: The Rise of Skywalker
Warwick Davis,Master Moley by Royal Invitation
Warwick Davis,Maleficent: Mistress of Evil
Warwick Davis,Horrible Histories: The Movie - Rotten Romans
Warwick Davis,Solo: A Star Wars Story
Warwick Davis,Who Shot Simon Cowell?
Warwick Davis,Star Wars: The Last Jedi
Warwick Davis,Harry Potter: A History Of Magic
Warwick Davis,Bear's Mission with...
Leslie Phillips,Hotel Caledonia
Leslie Phillips,Hello: A Portrait Of Leslie Phillips
Leslie Phillips,After Death
Leslie Phillips,Late Bloomers
Leslie Phillips,Harry Potter and the Deathly Hallows: Part 2
Leslie Phillips,Drama Trails
Leslie Phillips,Britain's Ugliest Models
Leslie Phillips,The Week We Went To War
Leslie Phillips,Is Anybody There?
Leslie Phillips,Alan Carr's Celebrity Ding Dong
Leslie Phillips,Venus
Leslie Phillips,Colour Me Kubrick
Leslie Phillips,The Comic Strip - A Retrospective
Leslie Phillips,Agatha Christie's Marple
Leslie Phillips,Churchill: The Hollywood Years
Leslie Phillips,Millions
Leslie Phillips,Collusion
Matthew Lewis,Harry Potter and the Philosopher's Stone
Matthew Lewis,This Is Personal: The Hunt for the Yorkshire Ripper
Matthew Lewis,City Central
Matthew Lewis,Where the Heart Is
Matthew Lewis,Dalziel & Pascoe
Matthew Lewis,Some Kind of Life
Matthew Lewis,Heartbeat
David Bradley,Allelujah
David Bradley,Guillermo del Toro's Pinocchio: Handcarved Cinema
David Bradley,Your Christmas or Mine?
David Bradley,Guillermo del Toro's Pinocchio
David Bradley,Catherine Called Birdy
David Bradley,Type
David Bradley,The Responder
David Bradley,Jolt
David Bradley,Roy
David Bradley,Wizards: Tales of Arcadia
David Bradley,Doctors Assemble
David Bradley,Gangs of London
David Bradley,After Life
David Bradley,Les Misérables
David Bradley,Await Further Instructions
David Bradley,Hang Ups
David Bradley,Doctor Who: Twice Upon a Time
David Bradley,The Lodgers
David Bradley,Edmund the Magnificent
David Bradley,Broadcast Signal Intrusion _
David Bradley,The Young Messiah
David Bradley,Beowulf: Return to the Shieldlands
David Bradley,The Strain
David Bradley,An Adventure in Space and Time
David Bradley,The World's End
David Bradley,Broadchurch
David Bradley,Frankenstein: A Modern Myth
David Bradley,World Without End
David Bradley,Bad Sugar
David Bradley,Bad Education
David Bradley,The Hollow Crown
David Bradley,Prisoners' Wives
Warwick Davis,Comic Relief: Red Nose Day
Warwick Davis,Harry Hill's Alien Fun Capsule
Warwick Davis,Miranda:  Morecambe & Wise and Me
Warwick Davis,The Entire Universe
Warwick Davis,Rogue One: A Star Wars Story
Warwick Davis,Tenable
Warwick Davis,The Last Laugh
Warwick Davis,Billionaire Boy
Warwick Davis,Catherine Tate's Nan
Warwick Davis,Star Wars: Greatest Moments
Warwick Davis,Star Wars: The Force Awakens
Warwick Davis,Gordon
Warwick Davis,Get Santa
Warwick Davis,Monty Python's Best Bits (Mostly)
Warwick Davis,Star Wars Rebels
Warwick Davis,Monty Python Live (Mostly)
Warwick Davis,Weekend Escapes with Warwick Davis
Warwick Davis,Duck Quacks Don't Echo
Warwick Davis,Saint Bernard
Warwick Davis,Through the Keyhole
Warwick Davis,Ashens and the Quest for the Gamechild
Warwick Davis,Catchphrase
Warwick Davis,Warwick Davis: The Seven Dwarfs of Auschwitz
Warwick Davis,Jack the Giant Slayer
Warwick Davis,The Last Leg
Warwick Davis,The Great Comic Relief Bake Off
Warwick Davis,The Unbroken
Warwick Davis,Chingari
Warwick Davis,When Harry Left Hogwarts
Warwick Davis,Life's Too Short
Warwick Davis,Harry Potter and the Deathly Hallows: Part 2
Warwick Davis,Perspectives
Warwick Davis,When Karl Met Warwick
Warwick Davis,Harry Potter and the Deathly Hallows: Part 1
Warwick Davis,Downton Abbey
Warwick Davis,An Idiot Abroad
Warwick Davis,Harry Potter and the Half-Blood Prince
Warwick Davis,Celebrity Juice
Warwick Davis,Merlin
Warwick Davis,The Chronicles of Narnia: Prince Caspian
Warwick Davis,Harry Potter and the Order of the Phoenix
Warwick Davis,Would I Lie to You?
Warwick Davis,The Art of Breaking Character
Warwick Davis,M.I. High
Warwick Davis,Small Town Folk
Warwick Davis,Harry Potter and the Goblet of Fire
Leslie Phillips,The Last Detective
Leslie Phillips,Harry Potter and the Chamber of Secrets
Leslie Phillips,Thunderpants
Leslie Phillips,Outside the Rules
Leslie Phillips,Harry Potter and the Philosopher's Stone
Leslie Phillips,Lara Croft: Tomb Raider
Leslie Phillips,Sword of Honour
Leslie Phillips,Aladdin: The ITV Pantomime
Leslie Phillips,Take a Girl Like You
Leslie Phillips,Monarch of the Glen
Leslie Phillips,Saving Grace
Leslie Phillips,Cinderella
Leslie Phillips,It's Only TV But I Like It
Leslie Phillips,What's a Carry On?
Leslie Phillips,The Heaven and Earth Show
Leslie Phillips,The Jackal
Leslie Phillips,Agatha Christie's The Pale Horse
Leslie Phillips,Caught in the Act
Leslie Phillips,Midsomer Murders
Leslie Phillips,August
Leslie Phillips,Dennis the Menace and Gnasher
Leslie Phillips,Dalziel & Pascoe
Leslie Phillips,Der Blinde
Leslie Phillips,Das Karussell des Todes
Leslie Phillips,Die Katze von Kensington
Leslie Phillips,The Canterville Ghost
Leslie Phillips,Two Golden Balls
Leslie Phillips,Love on a Branch Line
Leslie Phillips,The House of Windsor
Leslie Phillips,Honey for Tea
Leslie Phillips,Bermuda Grace
Leslie Phillips,The Changeling
Leslie Phillips,Royal Celebration
Leslie Phillips,Carry On Columbus
Leslie Phillips,Thacker
Leslie Phillips,Heartbeat
Leslie Phillips,The Trials of Oz
Leslie Phillips,Performance
Leslie Phillips,King Ralph
Leslie Phillips,Life After Life
Leslie Phillips,Who Bombed Birmingham?
Leslie Phillips,Plunder
Leslie Phillips,Oxford
Leslie Phillips,Mountains of the Moon
Leslie Phillips,GLC: The Carnage Continues
Leslie Phillips,Summer's Lease
Leslie Phillips,Tales from the Crypt
Leslie Phillips,Scandal
Leslie Phillips,Empire of the Sun
David Bradley,Eternal Law
David Bradley,When Harry Left Hogwarts
David Bradley,Celebrity Antiques Road Trip
David Bradley,The Holding
David Bradley,Captain America: The First Avenger
David Bradley,Harry Potter and the Deathly Hallows: Part 2
David Bradley,Game of Thrones
David Bradley,Another Year
David Bradley,Five Daughters
David Bradley,Harold Pinter:  A Celebration
David Bradley,Harry Brown
David Bradley,Harry Potter and the Half-Blood Prince
David Bradley,I Know You Know
David Bradley,The Daisy Chain
David Bradley,The Colour of Magic
David Bradley,Ashes to Ashes
David Bradley,The Sarah Jane Adventures
David Bradley,Harry Potter and the Order of the Phoenix
David Bradley,True Dare Kiss
David Bradley,The Tudors
David Bradley,Hot Fuzz
David Bradley,Benidorm
David Bradley,Great British Menu
David Bradley,Sweeney Todd
David Bradley,Lycanthropy
David Bradley,Harry Potter and the Goblet of Fire
David Bradley,Criminal Minds
David Bradley,Red Mercury
David Bradley,Doctor Who
David Bradley,Mr Harvey Lights a Candle
David Bradley,Ideal
David Bradley,Blackpool
David Bradley,Exorcist: The Beginning
David Bradley,Harry Potter and the Prisoner of Azkaban
David Bradley,New Tricks
David Bradley,Charles II: The Power and The Passion
David Bradley,The Mayor of Casterbridge
David Bradley,Nicholas Nickleby
David Bradley,Harry Potter and the Chamber of Secrets
David Bradley,Wild West
David Bradley,The Intended
Warwick Davis,Don't Crash: The Documentary of the Making of the Movie of the Book of the Radio Series of 'The Hitchhiker's Guide to the Galaxy'
Warwick Davis,Extras
Warwick Davis,Bring Back...
Warwick Davis,The Hitchhiker's Guide to the Galaxy
Warwick Davis,Doctor Who
Warwick Davis,Big Fat Quiz
Warwick Davis,Ray
Warwick Davis,Who Do You Think You Are?
Warwick Davis,When Star Wars Ruled the World
Warwick Davis,Empire of Dreams: The Story of the Star Wars Trilogy
Warwick Davis,Harry Potter and the Prisoner of Azkaban
Warwick Davis,Skinned Deep
Warwick Davis,Leprechaun: Back 2 tha Hood
Warwick Davis,Appointment with Dr. Terrible
Warwick Davis,Harry Potter and the Chamber of Secrets
Warwick Davis,Top Gear
Warwick Davis,Al's Lads
Warwick Davis,Harry Potter and the Philosopher's Stone
Warwick Davis,Dr. Terrible's House of Horrible
Warwick Davis,Snow White
Warwick Davis,Murder Rooms: Mysteries of the Real Sherlock Holmes
Warwick Davis,Leprechaun in the Hood
Warwick Davis,The 10th Kingdom
Warwick Davis,The White Pony
Warwick Davis,The New Adventures of Pinocchio
Warwick Davis,Star Wars: Episode I - The Phantom Menace
Warwick Davis,A Very Unlucky Leprechaun
Warwick Davis,Arthouse
Warwick Davis,Prince Valiant
Warwick Davis,Jonathan Creek
Warwick Davis,Leprechaun 4: In Space
Warwick Davis,Gulliver's Travels
Warwick Davis,Leprechaun 3
Warwick Davis,Ready Steady Cook
Warwick Davis,The Fast Show
Warwick Davis,Room 101
Warwick Davis,Leprechaun 2
Warwick Davis,Leprechaun
Warwick Davis,The Chronicles of Narnia: The Silver Chair
Warwick Davis,The Chronicles of Narnia: Prince Caspian & The Voyage of the Dawn Treader
Warwick Davis,The Chronicles of Narnia
Warwick Davis,Willow: The Making of an Adventure
Warwick Davis,Labyrinth
Warwick Davis,Ewoks: The Battle for Endor
Warwick Davis,The Ewok Adventure
Warwick Davis,Classic Creatures: Return of the Jedi
Warwick Davis,Return of the Jedi
Leslie Phillips,The Ruth Rendell Mysteries
Leslie Phillips,Lovejoy
Leslie Phillips,Out of Africa
Leslie Phillips,Super Gran
Leslie Phillips,The Bill
Leslie Phillips,The Comic Strip Presents...
Leslie Phillips,That's Carry On!
Leslie Phillips,Spanish Fly
Leslie Phillips,"Not Now, Comrade"
Leslie Phillips,Rumpole of the Bailey
Leslie Phillips,"Don't Just Lie There, Say Something!"
Leslie Phillips,Casanova '73
Leslie Phillips,Not Now Darling
Leslie Phillips,The Magnificent Seven Deadly Sins
Leslie Phillips,Doctor in Trouble
Leslie Phillips,"Some Will, Some Won't"
Leslie Phillips,Maroc 7
Leslie Phillips,Blandings Castle
Leslie Phillips,Doctor in Clover
Leslie Phillips,The Gong Game
Leslie Phillips,You Must Be Joking
Leslie Phillips,Father Came Too!
Leslie Phillips,Our Man At St Mark's
Leslie Phillips,The Fast Lady
Leslie Phillips,The Longest Day
Leslie Phillips,In the Doghouse
Leslie Phillips,Crooks Anonymous
Leslie Phillips,Raising the Wind
Leslie Phillips,Very Important Person
Leslie Phillips,A Weekend with Lulu
Leslie Phillips,No Kidding
Leslie Phillips,Watch Your Stern
Leslie Phillips,Doctor in Love
Leslie Phillips,Carry On Constable
Leslie Phillips,Inn for Trouble
Leslie Phillips,Ferdinand I King of Naples
Leslie Phillips,Please Turn Over
Leslie Phillips,The Night We Dropped a Clanger
Leslie Phillips,Carry On Teacher
Leslie Phillips,The Angry Hills
Leslie Phillips,Carry On Nurse
Leslie Phillips,This Other Eden
Leslie Phillips,The Man Who Liked Funerals
Leslie Phillips,The Navy Lark
Leslie Phillips,I Was Monty's Double
Leslie Phillips,The Invisible Man
Leslie Phillips,The Big Money
Leslie Phillips,Just My Luck
David Bradley,This Is Not a Love Song
David Bradley,Station Jim
David Bradley,Harry Potter and the Philosopher's Stone
David Bradley,The Way We Live Now
David Bradley,Altered Species
David Bradley,Shades
David Bradley,Gabriel & Me
David Bradley,Waking the Dead
David Bradley,Blow Dry
David Bradley,The King Is Alive
David Bradley,The Wilsons
David Bradley,Doomwatch: Winter Angel
David Bradley,Tom's Midnight Garden
David Bradley,Vanity Fair
David Bradley,Reckless: The Sequel
David Bradley,Left Luggage
David Bradley,Our Mutual Friend
David Bradley,In Your Dreams
David Bradley,Kangaroo Palace
David Bradley,Midsomer Murders
David Bradley,The Moth
David Bradley,Reckless
David Bradley,Kiss and Tell
David Bradley,Cracker: White Ghost
David Bradley,The Star
David Bradley,Our Friends in the North
David Bradley,Bramwell
David Bradley,Band of Gold
David Bradley,Martin Chuzzlewit
David Bradley,Measure for Measure
David Bradley,Wycliffe
David Bradley,Criminal
David Bradley,Fair Game
David Bradley,The Buddha of Suburbia
David Bradley,Cracker
David Bradley,Full Stretch
David Bradley,A Touch of Frost
David Bradley,Between the Lines
David Bradley,Bad Girl
David Bradley,Performance
David Bradley,A Master of the Marionettes
David Bradley,Shadow of the Noose
David Bradley,Prick Up Your Ears
David Bradley,Casualty
David Bradley,King of the Ghetto
Warwick Davis,Return of the Ewok
Leslie Phillips,Les Girls
Leslie Phillips,High Flight
Leslie Phillips,The Smallest Show on Earth
Leslie Phillips,Brothers in Law
Leslie Phillips,The Gamma People
Leslie Phillips,Wire Service
Leslie Phillips,The Errol Flynn Theatre
Leslie Phillips,Armchair Theatre
Leslie Phillips,The Adventures of Robin Hood
Leslie Phillips,Value for Money
Leslie Phillips,As Long as They're Happy
Leslie Phillips,The Limping Man
Leslie Phillips,The Fake
Leslie Phillips,Time Bomb
Leslie Phillips,The Sound Barrier
Leslie Phillips,The Galloping Major
Leslie Phillips,Pool of London
Leslie Phillips,The Woman with No Name
Leslie Phillips,Train of Events
Leslie Phillips,Anna Karenina
Leslie Phillips,The Proud Valley
Leslie Phillips,The Thief of Bagdad
Leslie Phillips,The Mikado
Leslie Phillips,The Four Feathers
Leslie Phillips,The Citadel
Leslie Phillips,Lassie from Lancashire
David Bradley,"Tartuffe, or The Imposter"
David Bradley,Findings on a Late Afternoon
David Bradley,Clapperclaw
David Bradley,The Union
David Bradley,The Frisco Kid
David Bradley,The Professionals
David Bradley,Bill Brand
David Bradley,Playhouse
David Bradley,Kisses at Fifty
David Bradley,Another Sunday and Sweet F.A.
David Bradley,Play for Today
David Bradley,"Double Pisces, Scorpio Rising"
Fiona Shaw,Ebb and Flo
Fiona Shaw,Ladies First
Fiona Shaw,Echo Valley
Fiona Shaw,The Rising: 1916
Fiona Shaw,Monstrous Beauty
Fiona Shaw,Hot Milk
Fiona Shaw,Park Avenue
Fiona Shaw,That Christmas
Fiona Shaw,IF
Fiona Shaw,Star Wars: Andor
Fiona Shaw,Andor: A Disney+ Day Special Look
Fiona Shaw,Bad Sisters
Fiona Shaw,Russia vs. the World
Fiona Shaw,Ammonite
Fiona Shaw,Kindred
Fiona Shaw,Enola Holmes
Fiona Shaw,The Christmas Letter
Fiona Shaw,Out of Innocence
Fiona Shaw,Baptiste
Fiona Shaw,Mrs Wilson
Fiona Shaw,Colette
Fiona Shaw,Lizzie
Fiona Shaw,Killing Eve
Fiona Shaw,The Hippopotamus
Fiona Shaw,Emerald City
Fiona Shaw,Channel Zero
Fiona Shaw,Fleabag
Fiona Shaw,The White King
Fiona Shaw,Maigret
Fiona Shaw,Pixels
Fiona Shaw,Penn Zero: Part-Time Hero
Fiona Shaw,Great Poets: In Their Own Words
Fiona Shaw,Inside No. 9
Fiona Shaw,True Detective
Fiona Shaw,Muse of Fire
Fiona Shaw,The English Teacher
Fiona Shaw,Shakespeare's Sonnets
Fiona Shaw,The Tree of Life
Fiona Shaw,Harry Potter and the Deathly Hallows: Part 1
Fiona Shaw,We Believed
Fiona Shaw,National Theatre Live: London Assurance
Fiona Shaw,Dorian Gray
Fiona Shaw,Simon Schama's John Donne
Fiona Shaw,True Blood
Fiona Shaw,Mitchell And Kenyon In Ireland
Fiona Shaw,Harry Potter and the Order of the Phoenix
Fiona Shaw,Fracture
Fiona Shaw,Catch and Release
John Hurt,The StoryTeller
John Hurt,Doctor Who at the Proms
John Hurt,Hannibal Hopkins & Sir Anthony
John Hurt,Ayamé
Ian Hart,Through The Dunes
Ian Hart,Watching
Ian Hart,Shoshana
Ian Hart,Mr Bates vs The Post Office
Ian Hart,The Trap
Ian Hart,PTSD
Ian Hart,Marlowe
Ian Hart,Left Over
Fiona Shaw,The Black Dahlia
Fiona Shaw,Empire
Fiona Shaw,Agatha Christie's Marple
Fiona Shaw,Harry Potter and the Prisoner of Azkaban
Fiona Shaw,Harry Potter and the Chamber of Secrets
Fiona Shaw,Great Britons
Fiona Shaw,Harry Potter and the Philosopher's Stone
Fiona Shaw,The Triumph of Love
Fiona Shaw,Mind Games
Fiona Shaw,The Last September
Fiona Shaw,RKO 281
Fiona Shaw,Gormenghast
Fiona Shaw,The Avengers
Fiona Shaw,Titanic Town
Fiona Shaw,The Butcher Boy
Fiona Shaw,Trial & Retribution
Fiona Shaw,Ruby
Fiona Shaw,Anna Karenina
Fiona Shaw,Richard II
Fiona Shaw,Jane Eyre
Fiona Shaw,Persuasion
Fiona Shaw,The Waste Land
Fiona Shaw,The Last Machine
Fiona Shaw,Undercover Blues
Fiona Shaw,Super Mario Bros.
Fiona Shaw,Maria's Child
Fiona Shaw,Hedda Gabler
Fiona Shaw,Shakespeare: The Animated Tales
Fiona Shaw,London Kills Me
Fiona Shaw,For the Greater Good
Fiona Shaw,Performance
Fiona Shaw,3 Men and a Little Lady
Fiona Shaw,The Hand of Stalin
Fiona Shaw,Mountains of the Moon
Fiona Shaw,My Left Foot: The Story of Christy Brown
Fiona Shaw,Sacred Hearts
Fiona Shaw,Theatre Night
Fiona Shaw,Love Song
Fiona Shaw,Sherlock Holmes
Fiona Shaw,Fireworks for Elspeth
Fiona Shaw,Tony Awards
John Hurt,Damascus Cover
John Hurt,That Good Night
John Hurt,My Name Is Lenny
John Hurt,The Journey
John Hurt,Jackie
John Hurt,The Pity of War: The Loves and Lives of the War Poets
John Hurt,Back to Utopia
John Hurt,The Final Reel
John Hurt,ChickLit
John Hurt,The Last Panthers
John Hurt,Thomas & Friends: Sodor's Legend of the Lost Treasure: The Movie
John Hurt,A.K.A Nadia
John Hurt,Break
John Hurt,The Alchemist's Letter
John Hurt,Dmitri Shostakovich: A Man of Many Faces
John Hurt,Wimbledon The Official Film 2014
John Hurt,Richard Attenborough: A Life in Film
John Hurt,Hercules
John Hurt,Only Lovers Left Alive
John Hurt,The Five(ish) Doctors Reboot
John Hurt,Doctor Who: The Day of the Doctor
John Hurt,The Day of the Doctor: Cinema Intro
John Hurt,Doctor Who Live: The Afterparty
John Hurt,Doctor Who: The Night of the Doctor
John Hurt,Hello: A Portrait Of Leslie Phillips
John Hurt,Muse of Fire
John Hurt,Snowpiercer
John Hurt,Jayne Mansfield's Car
John Hurt,Swan Lake 3D - Live from the Mariinsky Theatre
John Hurt,Benjamin Britten: Peace and Conflict
John Hurt,Sightseers
John Hurt,Labyrinth
John Hurt,Planet Dinosaur: Ultimate Killers
John Hurt,More Than Honey
John Hurt,The Hollow Crown
John Hurt,The Snipist
John Hurt,The Gruffalo's Child
John Hurt,Immortals
John Hurt,On Borrowed Time
Ian Hart,The Responder
Ian Hart,Harry Potter 20th Anniversary: Return to Hogwarts
Ian Hart,Help
Ian Hart,The Mosquito Coast
Ian Hart,Escape from Pretoria
Ian Hart,The 11th Green
Ian Hart,Mary Queen of Scots
Ian Hart,Dusty and Me
Ian Hart,Modern Life Is Rubbish
Ian Hart,The Terror
Ian Hart,Native
Ian Hart,Tin Star
Ian Hart,God's Own Country
Ian Hart,UK18
Ian Hart,Johnno's Dead
Ian Hart,The Secret Agent
Ian Hart,Vinyl
Ian Hart,The Last Kingdom
Ian Hart,Urban Hymn
Ian Hart,Dough
Ian Hart,The Driver
Ian Hart,Klondike
Ian Hart,Marvel's Agents of S.H.I.E.L.D.
Ian Hart,The Bridge
Ian Hart,Snodgrass
Ian Hart,Rogue
Ian Hart,Bates Motel
Ian Hart,Shetland
Ian Hart,My Mad Fat Diary
Ian Hart,Elementary
Ian Hart,Hard Boiled Sweets
Ian Hart,Luck
Ian Hart,The Man who Crossed Hitler
Ian Hart,When Harvey Met Bob
Ian Hart,Five Daughters
Ian Hart,Within the Whirlwind
Ian Hart,Father & Son
Ian Hart,A Boy Called Dad
Ian Hart,Moving On
Ian Hart,Morris: A Life with Bells On
Ian Hart,Dirt
Ian Hart,Intervention
Ian Hart,The Virgin Queen
Ian Hart,Carry on Ken
John Hurt,In Love with Alma Cogan
John Hurt,Tinker Tailor Soldier Spy
John Hurt,Planet Dinosaur
John Hurt,Harry Potter and the Deathly Hallows: Part 2
John Hurt,"23 Degrees, 5 Minutes"
John Hurt,The Journey – Stories from the 2010 FIFA World Cup South Africa
John Hurt,Melancholia
John Hurt,The Confession
John Hurt,Human Planet
John Hurt,Sailcloth
John Hurt,Whistle and I'll Come to You
John Hurt,"Ultramarines: A Warhammer 40,000 Movie"
John Hurt,Harry Potter and the Deathly Hallows: Part 1
John Hurt,Love at First Sight
John Hurt,Brighton Rock
John Hurt,Behind Jim Jarmusch
John Hurt,A Turtle's Tale: Sammy's Adventures
John Hurt,Lou
John Hurt,The Gruffalo
John Hurt,Making History: Mel Brooks on Creating the World
John Hurt,Ballybrando
John Hurt,44 Inch Chest
John Hurt,Remembrance
John Hurt,Waking Sleeping Beauty
John Hurt,The Limits of Control
John Hurt,An Englishman in New York
John Hurt,Lecture 21
John Hurt,Merlin
John Hurt,"New York, I Love You"
John Hurt,Hellboy II: The Golden Army
John Hurt,Recount
Ian Hart,Breakfast on Pluto
Ian Hart,Ripley Under Ground
Ian Hart,Rag Tale
Ian Hart,A Cock and Bull Story
Ian Hart,Sherlock Holmes and the Case of the Silk Stocking
Ian Hart,Strings
Ian Hart,Finding Neverland
Ian Hart,The Magic Touch of Harry Potter
Ian Hart,Blind Flight
Ian Hart,Eroica
Ian Hart,Cheeky
Ian Hart,Den of Lions
Ian Hart,The Hound of the Baskervilles
Ian Hart,Dad's Dead
Ian Hart,Killing Me Softly
Ian Hart,Harry Potter and the Philosopher's Stone
Ian Hart,Strictly Sinatra
Ian Hart,Liam
Ian Hart,The Closer You Get
Ian Hart,Spring Forward
Ian Hart,Bait
Ian Hart,Born Romantic
Ian Hart,Aberdeen
Ian Hart,Best
Ian Hart,Longitude
Ian Hart,The End of the Affair
Ian Hart,B. Monkey
Ian Hart,Wonderland
Ian Hart,This Year's Love
Ian Hart,Enemy of the State
Ian Hart,Monument Ave.
Ian Hart,Frogs for Snakes
Ian Hart,The Butcher Boy
Ian Hart,Mojo
Ian Hart,Robinson Crusoe
Ian Hart,Gold In The Streets
Ian Hart,Michael Collins
John Hurt,Indiana Jones and the Kingdom of the Crystal Skull
John Hurt,Outlander
John Hurt,Verity Lambert: Drama Queen
John Hurt,The Oxford Murders
John Hurt,Masters of Science Fiction
John Hurt,Boxes
John Hurt,Hellboy Animated: Blood and Iron
John Hurt,The 50 Greatest Television Dramas
John Hurt,Interview with John Hurt
John Hurt,Perfume: The Story of a Murderer
John Hurt,The One Show
John Hurt,Whaledreamers
John Hurt,V代表复仇
John Hurt,The Plot Against Harold Wilson
John Hurt,Shooting Dogs
John Hurt,V for Vendetta
John Hurt,The Proposition
John Hurt,Once Upon a Halloween
John Hurt,Hiroshima
John Hurt,The Skeleton Key
John Hurt,Manderlay
John Hurt,Doctor Who
John Hurt,Valiant
John Hurt,Short Order
John Hurt,Who Do You Think You Are?
John Hurt,Shadowing the Third Man
John Hurt,Hellboy: The Seeds of Creation
John Hurt,Pride
John Hurt,Hellboy
John Hurt,Alpha to Omega: Exposing 'The Osterman Weekend'
John Hurt,The Alan Clark Diaries
John Hurt,The Beast Within: Making Alien
John Hurt,Dogville
John Hurt,Meeting Che Guevara & the Man from Maybury Hill
John Hurt,Owning Mahowny
John Hurt,The Alien Saga
John Hurt,"I, Claudius: A Television Epic"
John Hurt,Crime and Punishment
Ian Hart,Nothing Personal
Ian Hart,Hollow Reed
Ian Hart,Loved Up
Ian Hart,Clockwork Mice
Ian Hart,The Englishman Who Went Up a Hill But Came Down a Mountain
Ian Hart,Land and Freedom
Ian Hart,Backbeat
Ian Hart,The Hours and Times
Ian Hart,A View of Harry Clark
Ian Hart,The Zip
Ian Hart,The Marksman
Ian Hart,The Monocled Mutineer
Ian Hart,No Surrender
Ian Hart,One Summer
John Hurt,HypaSpace
John Hurt,Bait
John Hurt,Miranda
John Hurt,Edge of the Universe
John Hurt,The Terrible Elephant Man Revealed
John Hurt,Shaolin: Wheel of Life
John Hurt,Harry Potter and the Philosopher's Stone
John Hurt,Captain Corelli's Mandolin
John Hurt,The Hidden Wars of Desert Storm
John Hurt,Tabloid
John Hurt,Lost Souls
John Hurt,Krapp's Last Tape
John Hurt,The Tigger Movie
John Hurt,New Blood
John Hurt,You're Dead...
John Hurt,One Last Score
John Hurt,Watership Down
John Hurt,All the Little Animals
John Hurt,Love and Death on Long Island
John Hurt,The Climb
John Hurt,The Commissioner
John Hurt,Parkinson
John Hurt,Night Train
John Hurt,Bandyta
John Hurt,Contact
John Hurt,Tender Loving Care
John Hurt,Dead Man
John Hurt,Saigon Baby
John Hurt,Wild Bill
John Hurt,Picture Windows
John Hurt,On Jupiter
John Hurt,Rob Roy
John Hurt,Two Nudes Bathing
John Hurt,The World of Jim Henson
John Hurt,Second Best
John Hurt,Rabbit Ears - Aladdin and the Magic Lamp
John Hurt,Inside the Actors Studio
John Hurt,Even Cowgirls Get the Blues
John Hurt,Great Moments in Aviation
John Hurt,Thumbelina
John Hurt,Monolith
John Hurt,GMTV
John Hurt,Six Characters in Search of An Author
John Hurt,Dark at Noon
John Hurt,Red Fox
John Hurt,I Dreamt I Woke Up
John Hurt,Journey to Knock
John Hurt,Lapse of Memory
John Hurt,Performance
John Hurt,King Ralph
John Hurt,Paul McCartney: From Rio to Liverpool
John Hurt,Frankenstein Unbound
John Hurt,Jonathan Ross Presents for One Week Only: David Lynch
John Hurt,The Field
John Hurt,Resident Alien
John Hurt,Windprints
John Hurt,Who Bombed Birmingham?
John Hurt,Romeo.Juliet
John Hurt,Little Sweetheart
John Hurt,The Jim Henson Hour
John Hurt,Scandal
John Hurt,David Macaulay: Pyramid
John Hurt,The Bengali Night
John Hurt,The Storyteller
John Hurt,Deadline
John Hurt,White Mischief
Maggie Smith,The Miracle Club
Maggie Smith,Mad About the Boy: The Noël Coward Story
Maggie Smith,A German Life
Maggie Smith,The Marvellous Maggie Smith: A Celebration
Maggie Smith,Downton Abbey: A New Era
Maggie Smith,A Boy Called Christmas
Alan Rickman,The Movies That Made Us
Alan Rickman,Alice Through the Looking Glass
Alan Rickman,Eye in the Sky
Alan Rickman,A Little Chaos
Alan Rickman,Richard Attenborough: A Life in Film
Alan Rickman,Dust
Alan Rickman,CBGB
Alan Rickman,Muse of Fire
Alan Rickman,A Promise
Alan Rickman,The Butler
Alan Rickman,Falls the Shadow:  The Life and Times of Athol Fugard
Alan Rickman,BAM150
Alan Rickman,Gambit
Alan Rickman,Honest Trailers
Alan Rickman,Harry Potter and the Deathly Hallows: Part 2
Alan Rickman,The Boy in the Bubble
Tom Felton,Lead Heads
Tom Felton,Canyon of the Dead
Tom Felton,They Will Kill You
Tom Felton,Altered
Tom Felton,Gandhi
Tom Felton,Some Other Woman
Tom Felton,David Holmes: The Boy Who Lived
Tom Felton,Burial
Tom Felton,Save the Cinema
Tom Felton,Harry Potter 20th Anniversary: Return to Hogwarts
Tom Felton,Harry Potter: Hogwarts Tournament of Houses
Tom Felton,(K)nox: The Rob Knox Story
Tom Felton,The Forgotten Battle
Tom Felton,The LP Show - Act 3
Tom Felton,A Babysitter's Guide to Monster Hunting
Tom Felton,Braking for Whales
Tom Felton,Ophelia
Tom Felton,Origin
Tom Felton,Stratton
Tom Felton,Megan Leavey
Tom Felton,Message from the King
John Hurt,Vincent
John Hurt,Aria
John Hurt,Spaceballs
John Hurt,The Hunting of the Snark
John Hurt,From the Hip
John Hurt,Frightmares
John Hurt,Iceberg
John Hurt,Rocinante
John Hurt,Thames Film
John Hurt,Jake Speed
John Hurt,The Strange Case of Yukio Mishima
John Hurt,The Black Cauldron
John Hurt,Live Aid
John Hurt,After Darkness
John Hurt,Nineteen Eighty-Four
John Hurt,The Hit
John Hurt,Success Is the Best Revenge
John Hurt,Champions
John Hurt,Sunset People
John Hurt,Natural World
John Hurt,The Osterman Weekend
John Hurt,King Lear
John Hurt,The Plague Dogs
John Hurt,Paul McCartney - Take It Away
John Hurt,Partners
John Hurt,Night Crossing
John Hurt,History of the World: Part I
John Hurt,Heaven's Gate
John Hurt,The Elephant Man
John Hurt,An Evening with Quentin Crisp
John Hurt,Alien
John Hurt,The Lord of the Rings
John Hurt,Midnight Express
John Hurt,The Shout
John Hurt,The Disappearance
John Hurt,East of Elephant Rock
John Hurt,The Hollywood Greats
John Hurt,Three Dangerous Ladies
Maggie Smith,Return to Downton Abbey: A Grand Event
Maggie Smith,Downton Abbey
Maggie Smith,Nothing Like a Dame
Maggie Smith,Sherlock Gnomes
Maggie Smith,Rod Taylor: Pulling No Punches
Maggie Smith,Woolf Works
Maggie Smith,Robin And Mark And Richard III
Maggie Smith,Dames of Classic Drama at the BBC
Maggie Smith,The Lady in the Van
Maggie Smith,The Second Best Exotic Marigold Hotel
Maggie Smith,My Old Lady
Maggie Smith,National Theatre Live: 50 Years on Stage
Maggie Smith,Talking Pictures
Maggie Smith,Quartet
Maggie Smith,The Best Exotic Marigold Hotel
Maggie Smith,Honest Trailers
Maggie Smith,Harry Potter and the Deathly Hallows: Part 2
Maggie Smith,Gnomeo & Juliet
Maggie Smith,Nanny McPhee and the Big Bang
Maggie Smith,From Time to Time
Maggie Smith,Harry Potter and the Half-Blood Prince
Maggie Smith,Maggie Smith at the BBC: a portrait
Maggie Smith,Capturing Mary
Maggie Smith,Harry Potter and the Order of the Phoenix
Maggie Smith,Becoming Jane
Maggie Smith,The Graham Norton Show
Maggie Smith,Francesco's Italy: Top to Toe
Maggie Smith,The Best of The Tony Awards: The Plays
Maggie Smith,Keeping Mum
Maggie Smith,Harry Potter and the Goblet of Fire
Maggie Smith,Ladies in Lavender
Maggie Smith,The Magic Touch of Harry Potter
Maggie Smith,Harry Potter and the Prisoner of Azkaban
Maggie Smith,My House in Umbria
Maggie Smith,Harry Potter and the Chamber of Secrets
Maggie Smith,The Making of 'Gosford Park'
Maggie Smith,Divine Secrets of the Ya-Ya Sisterhood
Maggie Smith,Harry Potter and the Philosopher's Stone
Maggie Smith,Gosford Park
Alan Rickman,Portraits in Dramatic Time
Alan Rickman,Harry Potter and the Deathly Hallows: Part 1
Alan Rickman,The Song of Lunch
Alan Rickman,The Wildest Dream
Alan Rickman,Alice in Wonderland
Alan Rickman,Harold Pinter:  A Celebration
Alan Rickman,Sonnet Number 12
Alan Rickman,Harry Potter and the Half-Blood Prince
Alan Rickman,Bottle Shock
Alan Rickman,Sweeney Todd: The Demon Barber of Fleet Street - Burton + Carter + Depp = Todd
Alan Rickman,Sweeney Todd: The Demon Barber of Fleet Street
Alan Rickman,Harry Potter and the Order of the Phoenix
Alan Rickman,Nobel Son
Alan Rickman,Perfume: The Story of a Murderer
Alan Rickman,Snow Cake
Alan Rickman,Harry Potter and the Goblet of Fire
Alan Rickman,The Hitchhiker's Guide to the Galaxy
Alan Rickman,Unforgivable Blackness: The Rise and Fall of Jack Johnson
Alan Rickman,The Magic Touch of Harry Potter
Alan Rickman,Harry Potter and the Prisoner of Azkaban
Alan Rickman,Something the Lord Made
Alan Rickman,Love Actually
Alan Rickman,Harry Potter and the Chamber of Secrets
Alan Rickman,Harry Potter and the Philosopher's Stone
Alan Rickman,The Search for John Gissing
Alan Rickman,Play
Alan Rickman,Blow Dry
Alan Rickman,Judge Not: In Defense of Dogma
Alan Rickman,Victoria Wood with All the Trimmings
Alan Rickman,Babitsky's War
Alan Rickman,Dark Harbor
Alan Rickman,Galaxy Quest
Alan Rickman,Dogma
Alan Rickman,The Directors
Alan Rickman,Judas Kiss
Alan Rickman,The Winter Guest
Alan Rickman,King of the Hill
Alan Rickman,Michael Collins
Alan Rickman,Rasputin
Alan Rickman,Lumière & Company
Tom Felton,Feed
Tom Felton,A United Kingdom
Tom Felton,Risen
Tom Felton,Tom Felton Meets the Superfans
Tom Felton,Against the Sun
Tom Felton,How I Didn't Become a Piano Player
Tom Felton,The Flash
Tom Felton,Murder in the First
Tom Felton,In Secret
Tom Felton,From the Rough
Tom Felton,Belle
Tom Felton,The Frame
Tom Felton,Labyrinth
Tom Felton,Daniel Radcliffe: Being Harry Potter
Tom Felton,The Apparition
Tom Felton,When Harry Left Hogwarts
Tom Felton,Rise of the Planet of the Apes
Tom Felton,Harry Potter and the Deathly Hallows: Part 2
Tom Felton,OK! TV
Tom Felton,Harry Potter and the Deathly Hallows: Part 1
Tom Felton,White Other
Tom Felton,Conan
Tom Felton,13Hrs
Tom Felton,Get Him to the Greek
Tom Felton,Live from Studio Five
Tom Felton,Harry Potter and the Half-Blood Prince
Tom Felton,The Disappeared
Tom Felton,Harry Potter and the Order of the Phoenix
Tom Felton,Harry Potter and the Goblet of Fire
Tom Felton,8 Out of 10 Cats
Tom Felton,The Late Late Show with Craig Ferguson
Tom Felton,The Magic Touch of Harry Potter
Tom Felton,Harry Potter and the Prisoner of Azkaban
Tom Felton,Harry Potter and the Chamber of Secrets
Tom Felton,Last Call with Carson Daly
Tom Felton,Harry Potter and the Philosopher's Stone
Tom Felton,Second Sight
Tom Felton,Anna and the King
Tom Felton,Teen Choice Awards
Tom Felton,Home Farm Twins
Tom Felton,The Borrowers
Tom Felton,Bugs
John Hurt,Spectre
John Hurt,"I, Claudius"
John Hurt,Stream Line
John Hurt,The Peddler
John Hurt,The Naked Civil Servant
John Hurt,The Ghoul
John Hurt,The Sweeney
John Hurt,Little Malcolm and His Struggle Against the Eunuchs
John Hurt,NOVA
John Hurt,The Playboy of the Western World
John Hurt,Wessex Tales
John Hurt,The Pied Piper
John Hurt,A Ghost Story for Christmas
John Hurt,Mr. Forbush and the Penguins
John Hurt,10 Rillington Place
John Hurt,Great Performances
John Hurt,Play for Today
John Hurt,In Search of Gregory
John Hurt,Sinful Davey
John Hurt,Before Winter Comes
John Hurt,The Sailor from Gibraltar
John Hurt,A Man for All Seasons
John Hurt,Gideon's Way
John Hurt,This Is My Street
John Hurt,The Wild and the Willing
John Hurt,Armchair Theatre
John Hurt,Golden Globe Awards
Maggie Smith,The Last September
Maggie Smith,David Copperfield
Maggie Smith,All the King's Men
Maggie Smith,Tea with Mussolini
Maggie Smith,Curtain Call
Maggie Smith,Washington Square
Maggie Smith,The First Wives Club
Maggie Smith,Richard III
Maggie Smith,Sister Act 2: Back in the Habit
Maggie Smith,The Secret Garden
Maggie Smith,"Suddenly, Last Summer"
Maggie Smith,Sister Act
Maggie Smith,Memento Mori
Maggie Smith,Hook
Maggie Smith,Romeo.Juliet
Maggie Smith,Talking Heads
Maggie Smith,The Lonely Passion of Judith Hearne
Maggie Smith,A Room with a View
Maggie Smith,Screen Two
Maggie Smith,A Private Function
Maggie Smith,Lily in Love
Maggie Smith,Mrs. Silly
Maggie Smith,Better Late Than Never
Maggie Smith,The Missionary
Maggie Smith,Evil Under the Sun
Maggie Smith,The Making of Agatha Christie's 'Evil Under the Sun'
Maggie Smith,Entertainment Tonight
Maggie Smith,Clash of the Titans
Maggie Smith,California Suite
Maggie Smith,Death on the Nile
Maggie Smith,Death on the Nile: Making of Featurette
Maggie Smith,Murder by Death
Maggie Smith,Dinah!
Maggie Smith,Love and Pain and the Whole Damn Thing
Maggie Smith,Travels with My Aunt
Maggie Smith,The Millionairess
Maggie Smith,The Merchant of Venice
Maggie Smith,Great Performances
Maggie Smith,Oh! What a Lovely War
Maggie Smith,The Prime of Miss Jean Brodie
Maggie Smith,Hot Millions
Maggie Smith,The Carol Burnett Show
Maggie Smith,The Honey Pot
Maggie Smith,Much Ado About Nothing
Maggie Smith,Othello
Maggie Smith,BBC Play of the Month
Maggie Smith,Young Cassidy
Maggie Smith,Olivier Talks About Othello
Alan Rickman,Sense and Sensibility
Alan Rickman,An Awfully Big Adventure
Alan Rickman,Mesmer
Alan Rickman,Late Night with Conan O'Brien
Alan Rickman,Fallen Angels
Alan Rickman,Victoria Wood's All Day Breakfast
Alan Rickman,Bob Roberts
Alan Rickman,Close My Eyes
Alan Rickman,Robin Hood: Prince of Thieves
Alan Rickman,"Robin Hood: The Myth, the Man, the Movie"
Alan Rickman,Truly Madly Deeply
Alan Rickman,Closet Land
Alan Rickman,Quigley Down Under
Alan Rickman,Revolutionary Witness
Alan Rickman,The Spirit of Man
Alan Rickman,7 Deadly Sins: Stage Acting
Alan Rickman,The January Man
Alan Rickman,Benefactors
Alan Rickman,Die Hard
Alan Rickman,Girls On Top
Alan Rickman,Wetherby
Alan Rickman,Busted
Alan Rickman,The Barchester Chronicles
Alan Rickman,Smiley's People
Alan Rickman,Therese Raquin
Alan Rickman,Shelley
Alan Rickman,The BBC Television Shakespeare
Alan Rickman,Romeo & Juliet
Alan Rickman,The Hollywood Greats
Alan Rickman,Tony Awards
Alan Rickman,Golden Globe Awards
Maggie Smith,The Pumpkin Eater
Maggie Smith,The V.I.P.s
Maggie Smith,The Merv Griffin Show
Maggie Smith,Go to Blazes
Maggie Smith,Nowhere to Go
Maggie Smith,Child in the House
Maggie Smith,Armchair Theatre
Maggie Smith,Tony Awards
Maggie Smith,Lilli Palmer Theatre
Maggie Smith,The Oscars
Maggie Smith,Sunday Night Theatre
Maggie Smith,Kraft Television Theatre
Maggie Smith,Golden Globe Awards
Robbie Coltrane,McGinn of the Calton
Robbie Coltrane,Robbie Coltrane at the BBC
Robbie Coltrane,Harry Potter 20th Anniversary: Return to Hogwarts
Robbie Coltrane,Urban Myths
Robbie Coltrane,Robbie Coltrane's Critical Evidence
Robbie Coltrane,National Treasure
Robbie Coltrane,Still Game: The Story So Far
Robbie Coltrane,Effie Gray
Robbie Coltrane,Great Expectations
Robbie Coltrane,Five Go to Rehab
Robbie Coltrane,30 Years of Comic Strip
Robbie Coltrane,Brave
Emma Watson,David Holmes: The Boy Who Lived
Emma Watson,Pickled
Emma Watson,Prada Paradoxe
Emma Watson,Harry Potter 20th Anniversary: Return to Hogwarts
Emma Watson,An Audience with Adele
Emma Watson,(K)nox: The Rob Knox Story
Emma Watson,Little Women
Emma Watson,Howard
Emma Watson,The Circle
Emma Watson,Beauty and the Beast
Emma Watson,Regression
Emma Watson,Colonia
Emma Watson,Noah
Emma Watson,This Is the End
Emma Watson,The Bling Ring
Emma Watson,Daniel Radcliffe: Being Harry Potter
Emma Watson,The Perks of Being a Wallflower
Emma Watson,My Week with Marilyn
Emma Watson,When Harry Left Hogwarts
Emma Watson,50 Greatest Harry Potter Moments
Emma Watson,Harry Potter and the Deathly Hallows: Part 2
Emma Watson,Harry Potter and the Deathly Hallows: Part 1
Emma Watson,Harry Potter and the Half-Blood Prince
Richard Harris,The Ghost of Richard Harris
Richard Harris,Exterior Day
Richard Harris,Honest Trailers
Richard Harris,Strength and Honor: Creating the World of 'Gladiator'
Richard Harris,The Apocalypse
Richard Harris,The Magic Touch of Harry Potter
Richard Harris,The Heroes of Telemark: Location report from Norway
Richard Harris,Julius Caesar
Richard Harris,Kaena: The Prophecy
Richard Harris,Harry Potter and the Chamber of Secrets
Richard Harris,Eastwood & Co.: Making 'Unforgiven'
Richard Harris,Arthur: King of the Britons
Richard Harris,The Count of Monte Cristo
Rupert Grint,Nightborn
Rupert Grint,David Holmes: The Boy Who Lived
Rupert Grint,Knock at the Cabin
Rupert Grint,Guillermo del Toro's Cabinet of Curiosities
Rupert Grint,Harry Potter 20th Anniversary: Return to Hogwarts
Rupert Grint,Servant
Rupert Grint,The ABC Murders
Rupert Grint,Sick Note
Rupert Grint,Snatch
Rupert Grint,Urban Myths
Rupert Grint,Instruments of Darkness
Rupert Grint,Tom Felton Meets the Superfans
Rupert Grint,Moonwalkers
Rupert Grint,A Life on Screen
Rupert Grint,The Men In Blazers Show
Rupert Grint,Postman Pat: The Movie
Rupert Grint,Late Night with Seth Meyers
Robbie Coltrane,The Gruffalo's Child
Robbie Coltrane,When Harry Left Hogwarts
Robbie Coltrane,Arthur Christmas
Robbie Coltrane,The Hunt for Tony Blair
Robbie Coltrane,50 Greatest Harry Potter Moments
Robbie Coltrane,Harry Potter and the Deathly Hallows: Part 2
Robbie Coltrane,Harry Potter and the Deathly Hallows: Part 1
Robbie Coltrane,The Gruffalo
Robbie Coltrane,Murderland
Robbie Coltrane,Harry Potter and the Half-Blood Prince
Robbie Coltrane,Gooby
Robbie Coltrane,The Tale of Despereaux
Robbie Coltrane,Blackadder's Most Cunning Moments
Robbie Coltrane,The Brothers Bloom
Robbie Coltrane,Robbie Coltrane: Incredible Britain
Robbie Coltrane,Robbie Coltrane: B-Road Britain
Robbie Coltrane,Harry Potter and the Order of the Phoenix
Robbie Coltrane,Provoked: A True Story
Robbie Coltrane,Cracker: Nine Eleven
Robbie Coltrane,Lead Balloon
Robbie Coltrane,Stormbreaker
Robbie Coltrane,The Return of Bond: The Start of Production Press Event
Robbie Coltrane,Harry Potter and the Goblet of Fire
Robbie Coltrane,Ocean's Twelve
Robbie Coltrane,Pride
Emma Watson,The Tale of Despereaux
Emma Watson,Ballet Shoes
Emma Watson,Harry Potter and the Order of the Phoenix
Emma Watson,The Children's Party at the Palace
Emma Watson,Harry Potter and the Goblet of Fire
Emma Watson,The Magic Touch of Harry Potter
Emma Watson,Harry Potter and the Prisoner of Azkaban
Emma Watson,Harry Potter and the Chamber of Secrets
Emma Watson,Harry Potter and the Philosopher's Stone
Emma Watson,The Early Show
Emma Watson,Taff
Emma Watson,The Vicar of Dibley
Emma Watson,MTV Movie & TV Awards
Richard Harris,Muhammad Ali - Through The Eyes Of The World
Richard Harris,Harry Potter and the Philosopher's Stone
Richard Harris,Friday Night with Jonathan Ross
Richard Harris,My Kingdom
Richard Harris,The Pearl
Richard Harris,Bette
Richard Harris,Hellraisers
Richard Harris,Gladiator
Richard Harris,Grizzly Falls
Richard Harris,To Walk with Lions
Richard Harris,The Barber of Siberia
Richard Harris,Sesame Street: Elmopalooza!
Richard Harris,This Is the Sea
Richard Harris,The Hunchback
Richard Harris,Smilla's Sense of Snow
Richard Harris,Trojan Eddie
Richard Harris,"Cry, the Beloved Country"
Richard Harris,The Great Kandinsky
Richard Harris,Savage Hearts
Richard Harris,Abraham
Richard Harris,Wrestling Ernest Hemingway
Richard Harris,Hollywood U.K.: British Cinema in the Sixties
Richard Harris,Silent Tongue
Richard Harris,Unforgiven
Richard Harris,Patriot Games
Richard Harris,The Field
Richard Harris,King of the Wind
Richard Harris,Mack the Knife
Richard Harris,Strike Commando 2
Richard Harris,Maigret
Richard Harris,Martin's Day
Richard Harris,Triumphs of a Man Called Horse
Richard Harris,Camelot
Richard Harris,Highpoint
Richard Harris,Your Ticket Is No Longer Valid
Richard Harris,Tarzan the Ape Man
Richard Harris,Russell Harty
Richard Harris,The Last Word
Richard Harris,Ravagers
Richard Harris,Game for Vultures
Richard Harris,The Wild Geese
Richard Harris,Stars' War - The Flight of the Wild Geese
Richard Harris,Golden Rendezvous
Richard Harris,Orca
Richard Harris,Gulliver's Travels
Rupert Grint,The Tonight Show Starring Jimmy Fallon
Rupert Grint,CBGB
Rupert Grint,Super Clyde
Rupert Grint,Charlie Countryman
Rupert Grint,Daniel Radcliffe: Being Harry Potter
Rupert Grint,Into the White
Rupert Grint,When Harry Left Hogwarts
Rupert Grint,50 Greatest Harry Potter Moments
Rupert Grint,Harry Potter and the Deathly Hallows: Part 2
Rupert Grint,Come Fly with Me
Rupert Grint,Harry Potter and the Deathly Hallows: Part 1
Rupert Grint,Wild Target
Rupert Grint,Justin Lee Collins: Good Times
Rupert Grint,Live from Studio Five
Rupert Grint,Harry Potter and the Half-Blood Prince
Rupert Grint,Cherrybomb
Rupert Grint,Harry Potter and the Order of the Phoenix
Rupert Grint,Driving Lessons
Rupert Grint,The Children's Party at the Palace
Rupert Grint,Harry Potter and the Goblet of Fire
Rupert Grint,American Dad!
Rupert Grint,The Magic Touch of Harry Potter
Rupert Grint,Harry Potter and the Prisoner of Azkaban
Rupert Grint,Harry Potter and the Chamber of Secrets
Rupert Grint,Top Gear
Rupert Grint,Thunderpants
Rupert Grint,Harry Potter and the Philosopher's Stone
Rupert Grint,The Early Show
Rupert Grint,Teen Choice Awards
Rupert Grint,The View
Rupert Grint,GMTV
Rupert Grint,The Tonight Show with Jay Leno
Rupert Grint,An Audience with...
Rupert Grint,Today
Robbie Coltrane,The Magic Touch of Harry Potter
Robbie Coltrane,Harry Potter and the Prisoner of Azkaban
Robbie Coltrane,Van Helsing: The London Assignment
Robbie Coltrane,Van Helsing
Robbie Coltrane,The Planman
Robbie Coltrane,Harry Potter and the Chamber of Secrets
Robbie Coltrane,Still Game
Robbie Coltrane,The Best of French & Saunders
Robbie Coltrane,Harry Potter and the Philosopher's Stone
Robbie Coltrane,Friday Night with Jonathan Ross
Robbie Coltrane,On the Nose
Robbie Coltrane,From Hell
Robbie Coltrane,The World Is Not Enough
Robbie Coltrane,Alice in Wonderland
Robbie Coltrane,Message in a Bottle
Robbie Coltrane,Stanley Baxter in Person
Robbie Coltrane,Frogs for Snakes
Robbie Coltrane,The Ebb-Tide
Robbie Coltrane,Montana
Robbie Coltrane,Parkinson
Robbie Coltrane,Coltrane's Planes and Automobiles
Robbie Coltrane,Cracker
Robbie Coltrane,Buddy
Robbie Coltrane,Cracker: White Ghost
Robbie Coltrane,Where's Elvis This Week?
Robbie Coltrane,Goldeneye: The Secret Files
Robbie Coltrane,In Search of James Bond with Jonathan Ross
Robbie Coltrane,GoldenEye
Robbie Coltrane,The Limit
Robbie Coltrane,GoldenEye: The Secret Files - The Cast
Robbie Coltrane,Shooting Stars
Robbie Coltrane,Boswell and Johnson's Tour of the Western Isles
Robbie Coltrane,Frasier
Robbie Coltrane,Jealousy
Robbie Coltrane,Demonella
Robbie Coltrane,Space Virgins from Planet Sex
Robbie Coltrane,The Legend of Lochnagar
Robbie Coltrane,The Adventures of Huck Finn
Robbie Coltrane,The Bogie Man
Robbie Coltrane,"Oh, What a Night"
Robbie Coltrane,Red Nose of Courage
Robbie Coltrane,Triple Bogey On A Par Five Hole
Richard Harris,The Cassandra Crossing
Richard Harris,The Return of a Man Called Horse
Richard Harris,Robin and Marian
Richard Harris,Echoes of a Summer
Richard Harris,Burt Bacharach in Shangri-La
Richard Harris,Dinah!
Richard Harris,Juggernaut
Richard Harris,99 and 44/100% Dead
Richard Harris,Flick Flack
Richard Harris,The Deadly Trackers
Richard Harris,Man in the Wilderness
Richard Harris,The Snow Goose
Richard Harris,Bloomfield
Richard Harris,Cromwell
Richard Harris,A Man Called Horse
Richard Harris,The Molly Maguires
Richard Harris,Return of the Islander
Richard Harris,The Dick Cavett Show
Richard Harris,Caprice
Richard Harris,Hawaii
Richard Harris,The Bible: In the Beginning...
Richard Harris,The Heroes of Telemark
Richard Harris,Major Dundee
Richard Harris,The Three Faces
Richard Harris,Red Desert
Richard Harris,The Hollywood Palace
Richard Harris,This Sporting Life
Richard Harris,Mutiny on the Bounty
Richard Harris,The Tonight Show Starring Johnny Carson
Richard Harris,The Mike Douglas Show
Richard Harris,The Guns of Navarone
Richard Harris,The Long and the Short and the Tall
Richard Harris,A Terrible Beauty
Richard Harris,The Wreck of the Mary Deare
Richard Harris,Alive and Kicking
Richard Harris,Shake Hands with the Devil
Richard Harris,Cinépanorama
Richard Harris,The Oscars
Richard Harris,Hallmark Hall of Fame
Robbie Coltrane,Alive and Kicking
Robbie Coltrane,The Pope Must Diet
Robbie Coltrane,Perfectly Normal
Robbie Coltrane,Midnight Breaks
Robbie Coltrane,Nuns on the Run
Robbie Coltrane,Where the Heart Is
Robbie Coltrane,South Atlantic Raiders:  Part 2 Argie Bargie!
Robbie Coltrane,South Atlantic Raiders: Part 1
Robbie Coltrane,GLC: The Carnage Continues
Robbie Coltrane,Henry V
Robbie Coltrane,The Robbie Coltrane Special
Robbie Coltrane,Lenny Live and Unleashed
Robbie Coltrane,Danny and the Dirty Dog: The Making of 'Roald Dahl's Danny the Champion of the World'
Robbie Coltrane,Let It Ride
Robbie Coltrane,Slipstream
Robbie Coltrane,Danny the Champion of the World
Robbie Coltrane,"Bert Rigby, You're a Fool"
Robbie Coltrane,The Movie Life of George
Robbie Coltrane,Saturday Night Clive
Robbie Coltrane,The Secret Policeman’s Biggest Ball
Robbie Coltrane,Blackadder's Christmas Carol
Robbie Coltrane,Thompson
Robbie Coltrane,The Fruit Machine
Robbie Coltrane,Byrne About Byrne
Robbie Coltrane,The Strike
Robbie Coltrane,Comic Relief
Robbie Coltrane,Eat the Rich
Robbie Coltrane,French & Saunders
Robbie Coltrane,Tutti Frutti
Robbie Coltrane,The Secret Policeman’s Third Ball
Robbie Coltrane,Caravaggio
Robbie Coltrane,Hooray For Holyrood
Robbie Coltrane,Mona Lisa
Robbie Coltrane,Defence of the Realm
Robbie Coltrane,Absolute Beginners
Robbie Coltrane,Revolution
Robbie Coltrane,The Supergrass
Robbie Coltrane,An Audience with Billy Connolly
Robbie Coltrane,Girls On Top
Robbie Coltrane,National Lampoon's European Vacation
Robbie Coltrane,Chinese Boxes
Richard Harris,The Ed Sullivan Show
Robbie Coltrane,The Bullshitters: Roll Out the Gunbarrel
Robbie Coltrane,Aspel & Company
Robbie Coltrane,Loose Connections
Robbie Coltrane,Gino: Full Story and Pics
Robbie Coltrane,Susie
Robbie Coltrane,Dirty Movie
Robbie Coltrane,Laugh??? I Nearly Paid My Licence Fee
Robbie Coltrane,Ghost Dance
Robbie Coltrane,Five Go Mad on Mescalin
Robbie Coltrane,Krull
Robbie Coltrane,The Crystal Cube
Robbie Coltrane,Blackadder
Robbie Coltrane,Alfresco
Robbie Coltrane,Summer School
Robbie Coltrane,The Beat Generation
Robbie Coltrane,War
Robbie Coltrane,The Young Ones
Robbie Coltrane,The Comic Strip Presents...
Robbie Coltrane,Five Go Mad in Dorset
Robbie Coltrane,Scrubbers
Robbie Coltrane,Britannia Hospital
Robbie Coltrane,Wogan
Robbie Coltrane,Kevin Turvey: The Man Behind the Green Door
Robbie Coltrane,A Kick Up the Eighties
Robbie Coltrane,Subway Riders
Robbie Coltrane,Flash Gordon
Robbie Coltrane,Death Watch
Robbie Coltrane,Minder
Robbie Coltrane,Waterloo Sunset
Robbie Coltrane,The South Bank Show
Robbie Coltrane,An Audience with...
Robbie Coltrane,The Secret Policeman's Ball
Robbie Coltrane,Are You Being Served?
Robbie Coltrane,Play for Today
Richard Griffiths,Showing Up
Richard Griffiths,About Time
Richard Griffiths,Private Peaceful
Richard Griffiths,The Hollow Crown
Richard Griffiths,Hugo
Richard Griffiths,Pirates of the Caribbean: On Stranger Tides
Richard Griffiths,Episodes
Richard Griffiths,Harry Potter and the Deathly Hallows: Part 1
Richard Griffiths,Jackboots on Whitehall
Richard Griffiths,National Theatre Live: The Habit of Art
Richard Griffiths,Bedtime Stories
Richard Griffiths,A Muppets Christmas: Letters to Santa
Richard Griffiths,Ballet Shoes
Richard Griffiths,Harry Potter and the Order of the Phoenix
Richard Griffiths,The History Boys
Richard Griffiths,Venus
Richard Griffiths,Opa!
Richard Griffiths,Bleak House
Richard Griffiths,The Hitchhiker's Guide to the Galaxy
Richard Griffiths,Princes in the Tower
Richard Griffiths,Stage Beauty
Richard Griffiths,Harry Potter and the Prisoner of Azkaban
Richard Griffiths,The Brides in the Bath
Richard Griffiths,Jeffrey Archer: The Truth
Richard Griffiths,TLC
Richard Griffiths,Harry Potter and the Chamber of Secrets
Richard Griffiths,Harry Potter and the Philosopher's Stone
Richard Griffiths,Sleepy Hollow: Behind the Legend
Richard Griffiths,Vatel
Richard Griffiths,Gormenghast
Richard Griffiths,Sleepy Hollow
Richard Griffiths,Hope and Glory
Richard Griffiths,Ted & Ralph
Richard Griffiths,In the Red
Richard Griffiths,Funny Bones
Richard Griffiths,A Breed of Heroes
Richard Griffiths,Pie in the Sky
Richard Griffiths,Guarding Tess
Richard Griffiths,The World of Peter Rabbit and Friends
Richard Griffiths,Mr. Wakefield's Crusade
Richard Griffiths,Blame It on the Bellboy
Richard Griffiths,Pebble Mill
Richard Griffiths,The Naked Gun 2½: The Smell of Fear
Richard Griffiths,King Ralph
Richard Griffiths,Perfect Scoundrels
Richard Griffiths,El C.I.D.
Richard Griffiths,Goldeneye
Richard Griffiths,The Movie Life of George
Richard Griffiths,Kind of Living
Richard Griffiths,The Marksman
Richard Griffiths,Ffizz
Richard Griffiths,Withnail & I
Richard Griffiths,Casanova
Richard Griffiths,Inspector Morse
Richard Griffiths,Shanghai Surprise
Richard Griffiths,Boon
Richard Griffiths,Lovejoy
Richard Griffiths,A Private Function
Richard Griffiths,"Greystoke: The Legend of Tarzan, Lord of the Apes"
Richard Griffiths,Gorky Park
Richard Griffiths,The Cleopatras
Richard Griffiths,The Merry Wives of Windsor
Richard Griffiths,Gandhi
Richard Griffiths,Countdown
Richard Griffiths,A Light Snack
Richard Griffiths,The World Cup: A Captain's Tale
Richard Griffiths,Britannia Hospital
Richard Griffiths,Bird of Prey
Richard Griffiths,Whoops Apocalypse
Richard Griffiths,Ragtime
Richard Griffiths,Bergerac
Richard Griffiths,The French Lieutenant's Woman
Richard Griffiths,Six Fifty-Five Special
Richard Griffiths,Chariots of Fire
Richard Griffiths,Superman II
Richard Griffiths,Breaking Glass
Richard Griffiths,Minder
Richard Griffiths,Afternoon Off
Richard Griffiths,The BBC Television Shakespeare
Richard Griffiths,The Comedy of Errors
Richard Griffiths,An Audience with...
Richard Griffiths,It's Only Rock 'n' Roll
Richard Griffiths,Twelve Off the Belt
Richard Griffiths,It Shouldn't Happen to a Vet
Richard Griffiths,"Well Thank You, Thursday"
Richard Griffiths,The Sweeney
Richard Griffiths,Norma
Richard Griffiths,Village Hall
Richard Griffiths,Crown Court
Richard Griffiths,Tony Awards
